INSERT INTO PetTypes(species, base_price) VALUES ('Dog', 50);
INSERT INTO PetTypes(species, base_price) VALUES ('Cat', 60);
INSERT INTO PetTypes(species, base_price) VALUES ('Hamster', 70);
INSERT INTO PetTypes(species, base_price) VALUES ('Mouse', 80);
INSERT INTO PetTypes(species, base_price) VALUES ('Bird', 90);
INSERT INTO PetTypes(species, base_price) VALUES ('Horse', 100);
INSERT INTO PetTypes(species, base_price) VALUES ('Turtle', 110);
INSERT INTO PetTypes(species, base_price) VALUES ('Snake', 120);
INSERT INTO PetTypes(species, base_price) VALUES ('Monkey', 130);
INSERT INTO PetTypes(species, base_price) VALUES ('Lion', 140);

INSERT INTO Users(name, email, description, password) VALUES ('alice', 'alice@gmail.com', 'A user of PCS', 'alicepw');
INSERT INTO Caretakers(email, is_fulltime, rating) VALUES ('alice@gmail.com', False, 0);
INSERT INTO TakecarePrice(daily_price, email, species) VALUES (98, 'alice@gmail.com', 'Mouse');
INSERT INTO TakecarePrice(daily_price, email, species) VALUES (132, 'alice@gmail.com', 'Horse');
INSERT INTO TakecarePrice(daily_price, email, species) VALUES (72, 'alice@gmail.com', 'Turtle');
INSERT INTO TakecarePrice(daily_price, email, species) VALUES (87, 'alice@gmail.com', 'Dog');
INSERT INTO PartTimeAvail(email, work_date) VALUES ('alice@gmail.com', '2021-09-01');
INSERT INTO PartTimeAvail(email, work_date) VALUES ('alice@gmail.com', '2021-09-02');
INSERT INTO PartTimeAvail(email, work_date) VALUES ('alice@gmail.com', '2021-09-03');
INSERT INTO PartTimeAvail(email, work_date) VALUES ('alice@gmail.com', '2021-09-04');
INSERT INTO PartTimeAvail(email, work_date) VALUES ('alice@gmail.com', '2021-09-05');
INSERT INTO PartTimeAvail(email, work_date) VALUES ('alice@gmail.com', '2021-06-01');
INSERT INTO PartTimeAvail(email, work_date) VALUES ('alice@gmail.com', '2021-06-02');
INSERT INTO PartTimeAvail(email, work_date) VALUES ('alice@gmail.com', '2021-06-03');
INSERT INTO PartTimeAvail(email, work_date) VALUES ('alice@gmail.com', '2021-06-04');
INSERT INTO PartTimeAvail(email, work_date) VALUES ('alice@gmail.com', '2021-06-05');
INSERT INTO PartTimeAvail(email, work_date) VALUES ('alice@gmail.com', '2022-03-01');
INSERT INTO PartTimeAvail(email, work_date) VALUES ('alice@gmail.com', '2022-03-02');
INSERT INTO PartTimeAvail(email, work_date) VALUES ('alice@gmail.com', '2022-03-03');
INSERT INTO PartTimeAvail(email, work_date) VALUES ('alice@gmail.com', '2022-03-04');
INSERT INTO PartTimeAvail(email, work_date) VALUES ('alice@gmail.com', '2022-03-05');
INSERT INTO PartTimeAvail(email, work_date) VALUES ('alice@gmail.com', '2022-07-01');
INSERT INTO PartTimeAvail(email, work_date) VALUES ('alice@gmail.com', '2022-07-02');
INSERT INTO PartTimeAvail(email, work_date) VALUES ('alice@gmail.com', '2022-07-03');
INSERT INTO PartTimeAvail(email, work_date) VALUES ('alice@gmail.com', '2022-07-04');
INSERT INTO PartTimeAvail(email, work_date) VALUES ('alice@gmail.com', '2022-07-05');

INSERT INTO Users(name, email, description, password) VALUES ('alex', 'alex@gmail.com', 'A user of PCS', 'alexpw');
INSERT INTO Caretakers(email, is_fulltime, rating) VALUES ('alex@gmail.com', True, 0);
INSERT INTO TakecarePrice(daily_price, email, species) VALUES (90, 'alex@gmail.com', 'Bird');
INSERT INTO TakecarePrice(daily_price, email, species) VALUES (120, 'alex@gmail.com', 'Snake');
INSERT INTO FullTimeLeave(email, leave_date) VALUES ('alex@gmail.com', '2021-12-15');
INSERT INTO FullTimeLeave(email, leave_date) VALUES ('alex@gmail.com', '2021-12-16');
INSERT INTO FullTimeLeave(email, leave_date) VALUES ('alex@gmail.com', '2021-12-17');
INSERT INTO FullTimeLeave(email, leave_date) VALUES ('alex@gmail.com', '2022-12-09');
INSERT INTO FullTimeLeave(email, leave_date) VALUES ('alex@gmail.com', '2022-12-10');
INSERT INTO FullTimeLeave(email, leave_date) VALUES ('alex@gmail.com', '2022-12-11');

INSERT INTO Users(name, email, description, password) VALUES ('arnold', 'arnold@gmail.com', 'A user of PCS', 'arnoldpw');
INSERT INTO PetOwners(email) VALUES ('arnold@gmail.com');
INSERT INTO Pets(email, pet_name, special_requirements, description, species) VALUES ('arnold@gmail.com', 'chewie', 'chewie needs love!', 'chewie is a Horse', 'Horse');
INSERT INTO Pets(email, pet_name, special_requirements, description, species) VALUES ('arnold@gmail.com', 'roger', 'roger needs love!', 'roger is a Turtle', 'Turtle');
INSERT INTO Pets(email, pet_name, special_requirements, description, species) VALUES ('arnold@gmail.com', 'bandit', 'bandit needs love!', 'bandit is a Horse', 'Horse');
INSERT INTO Pets(email, pet_name, special_requirements, description, species) VALUES ('arnold@gmail.com', 'rufus', 'rufus needs love!', 'rufus is a Turtle', 'Turtle');

INSERT INTO Users(name, email, description, password) VALUES ('bob', 'bob@gmail.com', 'A user of PCS', 'bobpw');
INSERT INTO Caretakers(email, is_fulltime, rating) VALUES ('bob@gmail.com', True, 0);
INSERT INTO TakecarePrice(daily_price, email, species) VALUES (50, 'bob@gmail.com', 'Dog');
INSERT INTO TakecarePrice(daily_price, email, species) VALUES (130, 'bob@gmail.com', 'Monkey');
INSERT INTO TakecarePrice(daily_price, email, species) VALUES (140, 'bob@gmail.com', 'Lion');
INSERT INTO TakecarePrice(daily_price, email, species) VALUES (60, 'bob@gmail.com', 'Cat');
INSERT INTO TakecarePrice(daily_price, email, species) VALUES (120, 'bob@gmail.com', 'Snake');
INSERT INTO FullTimeLeave(email, leave_date) VALUES ('bob@gmail.com', '2021-02-27');
INSERT INTO FullTimeLeave(email, leave_date) VALUES ('bob@gmail.com', '2021-02-28');
INSERT INTO FullTimeLeave(email, leave_date) VALUES ('bob@gmail.com', '2021-03-01');
INSERT INTO FullTimeLeave(email, leave_date) VALUES ('bob@gmail.com', '2022-06-23');
INSERT INTO FullTimeLeave(email, leave_date) VALUES ('bob@gmail.com', '2022-06-24');
INSERT INTO FullTimeLeave(email, leave_date) VALUES ('bob@gmail.com', '2022-06-25');

INSERT INTO Users(name, email, description, password) VALUES ('becky', 'becky@gmail.com', 'A user of PCS', 'beckypw');
INSERT INTO PetOwners(email) VALUES ('becky@gmail.com');
INSERT INTO Pets(email, pet_name, special_requirements, description, species) VALUES ('becky@gmail.com', 'gizmo', 'gizmo needs love!', 'gizmo is a Snake', 'Snake');
INSERT INTO Caretakers(email, is_fulltime, rating) VALUES ('becky@gmail.com', True, 0);
INSERT INTO TakecarePrice(daily_price, email, species) VALUES (70, 'becky@gmail.com', 'Hamster');
INSERT INTO TakecarePrice(daily_price, email, species) VALUES (110, 'becky@gmail.com', 'Turtle');
INSERT INTO FullTimeLeave(email, leave_date) VALUES ('becky@gmail.com', '2021-12-01');
INSERT INTO FullTimeLeave(email, leave_date) VALUES ('becky@gmail.com', '2021-12-02');
INSERT INTO FullTimeLeave(email, leave_date) VALUES ('becky@gmail.com', '2021-12-03');
INSERT INTO FullTimeLeave(email, leave_date) VALUES ('becky@gmail.com', '2022-05-22');
INSERT INTO FullTimeLeave(email, leave_date) VALUES ('becky@gmail.com', '2022-05-23');
INSERT INTO FullTimeLeave(email, leave_date) VALUES ('becky@gmail.com', '2022-05-24');

INSERT INTO Users(name, email, description, password) VALUES ('beth', 'beth@gmail.com', 'A user of PCS', 'bethpw');
INSERT INTO Caretakers(email, is_fulltime, rating) VALUES ('beth@gmail.com', True, 0);
INSERT INTO TakecarePrice(daily_price, email, species) VALUES (50, 'beth@gmail.com', 'Dog');
INSERT INTO TakecarePrice(daily_price, email, species) VALUES (100, 'beth@gmail.com', 'Horse');
INSERT INTO FullTimeLeave(email, leave_date) VALUES ('beth@gmail.com', '2021-07-27');
INSERT INTO FullTimeLeave(email, leave_date) VALUES ('beth@gmail.com', '2021-07-28');
INSERT INTO FullTimeLeave(email, leave_date) VALUES ('beth@gmail.com', '2021-07-29');
INSERT INTO FullTimeLeave(email, leave_date) VALUES ('beth@gmail.com', '2022-02-20');
INSERT INTO FullTimeLeave(email, leave_date) VALUES ('beth@gmail.com', '2022-02-21');
INSERT INTO FullTimeLeave(email, leave_date) VALUES ('beth@gmail.com', '2022-02-22');

INSERT INTO Users(name, email, description, password) VALUES ('connor', 'connor@gmail.com', 'A user of PCS', 'connorpw');
INSERT INTO PetOwners(email) VALUES ('connor@gmail.com');
INSERT INTO Pets(email, pet_name, special_requirements, description, species) VALUES ('connor@gmail.com', 'roscoe', 'roscoe needs love!', 'roscoe is a Bird', 'Bird');
INSERT INTO Caretakers(email, is_fulltime, rating) VALUES ('connor@gmail.com', True, 0);
INSERT INTO TakecarePrice(daily_price, email, species) VALUES (110, 'connor@gmail.com', 'Turtle');
INSERT INTO TakecarePrice(daily_price, email, species) VALUES (80, 'connor@gmail.com', 'Mouse');
INSERT INTO TakecarePrice(daily_price, email, species) VALUES (50, 'connor@gmail.com', 'Dog');
INSERT INTO TakecarePrice(daily_price, email, species) VALUES (90, 'connor@gmail.com', 'Bird');
INSERT INTO TakecarePrice(daily_price, email, species) VALUES (60, 'connor@gmail.com', 'Cat');
INSERT INTO FullTimeLeave(email, leave_date) VALUES ('connor@gmail.com', '2021-04-03');
INSERT INTO FullTimeLeave(email, leave_date) VALUES ('connor@gmail.com', '2021-04-04');
INSERT INTO FullTimeLeave(email, leave_date) VALUES ('connor@gmail.com', '2021-04-05');
INSERT INTO FullTimeLeave(email, leave_date) VALUES ('connor@gmail.com', '2022-05-25');
INSERT INTO FullTimeLeave(email, leave_date) VALUES ('connor@gmail.com', '2022-05-26');
INSERT INTO FullTimeLeave(email, leave_date) VALUES ('connor@gmail.com', '2022-05-27');

INSERT INTO Users(name, email, description, password) VALUES ('cassie', 'cassie@gmail.com', 'A user of PCS', 'cassiepw');
INSERT INTO Caretakers(email, is_fulltime, rating) VALUES ('cassie@gmail.com', True, 0);
INSERT INTO TakecarePrice(daily_price, email, species) VALUES (90, 'cassie@gmail.com', 'Bird');
INSERT INTO TakecarePrice(daily_price, email, species) VALUES (100, 'cassie@gmail.com', 'Horse');
INSERT INTO TakecarePrice(daily_price, email, species) VALUES (120, 'cassie@gmail.com', 'Snake');
INSERT INTO TakecarePrice(daily_price, email, species) VALUES (80, 'cassie@gmail.com', 'Mouse');
INSERT INTO FullTimeLeave(email, leave_date) VALUES ('cassie@gmail.com', '2021-08-02');
INSERT INTO FullTimeLeave(email, leave_date) VALUES ('cassie@gmail.com', '2021-08-03');
INSERT INTO FullTimeLeave(email, leave_date) VALUES ('cassie@gmail.com', '2021-08-04');
INSERT INTO FullTimeLeave(email, leave_date) VALUES ('cassie@gmail.com', '2022-10-14');
INSERT INTO FullTimeLeave(email, leave_date) VALUES ('cassie@gmail.com', '2022-10-15');
INSERT INTO FullTimeLeave(email, leave_date) VALUES ('cassie@gmail.com', '2022-10-16');

INSERT INTO Users(name, email, description, password) VALUES ('carrie', 'carrie@gmail.com', 'A user of PCS', 'carriepw');
INSERT INTO Caretakers(email, is_fulltime, rating) VALUES ('carrie@gmail.com', True, 0);
INSERT INTO TakecarePrice(daily_price, email, species) VALUES (140, 'carrie@gmail.com', 'Lion');
INSERT INTO TakecarePrice(daily_price, email, species) VALUES (100, 'carrie@gmail.com', 'Horse');
INSERT INTO TakecarePrice(daily_price, email, species) VALUES (130, 'carrie@gmail.com', 'Monkey');
INSERT INTO FullTimeLeave(email, leave_date) VALUES ('carrie@gmail.com', '2021-11-23');
INSERT INTO FullTimeLeave(email, leave_date) VALUES ('carrie@gmail.com', '2021-11-24');
INSERT INTO FullTimeLeave(email, leave_date) VALUES ('carrie@gmail.com', '2021-11-25');
INSERT INTO FullTimeLeave(email, leave_date) VALUES ('carrie@gmail.com', '2022-07-01');
INSERT INTO FullTimeLeave(email, leave_date) VALUES ('carrie@gmail.com', '2022-07-02');
INSERT INTO FullTimeLeave(email, leave_date) VALUES ('carrie@gmail.com', '2022-07-03');

INSERT INTO Users(name, email, description, password) VALUES ('caleb', 'caleb@gmail.com', 'A user of PCS', 'calebpw');
INSERT INTO PetOwners(email) VALUES ('caleb@gmail.com');
INSERT INTO Pets(email, pet_name, special_requirements, description, species) VALUES ('caleb@gmail.com', 'choco', 'choco needs love!', 'choco is a Dog', 'Dog');
INSERT INTO Pets(email, pet_name, special_requirements, description, species) VALUES ('caleb@gmail.com', 'logan', 'logan needs love!', 'logan is a Dog', 'Dog');
INSERT INTO Pets(email, pet_name, special_requirements, description, species) VALUES ('caleb@gmail.com', 'charlie', 'charlie needs love!', 'charlie is a Dog', 'Dog');
INSERT INTO Pets(email, pet_name, special_requirements, description, species) VALUES ('caleb@gmail.com', 'axa', 'axa needs love!', 'axa is a Bird', 'Bird');
INSERT INTO Caretakers(email, is_fulltime, rating) VALUES ('caleb@gmail.com', True, 0);
INSERT INTO TakecarePrice(daily_price, email, species) VALUES (110, 'caleb@gmail.com', 'Turtle');
INSERT INTO TakecarePrice(daily_price, email, species) VALUES (140, 'caleb@gmail.com', 'Lion');
INSERT INTO TakecarePrice(daily_price, email, species) VALUES (80, 'caleb@gmail.com', 'Mouse');
INSERT INTO FullTimeLeave(email, leave_date) VALUES ('caleb@gmail.com', '2021-06-19');
INSERT INTO FullTimeLeave(email, leave_date) VALUES ('caleb@gmail.com', '2021-06-20');
INSERT INTO FullTimeLeave(email, leave_date) VALUES ('caleb@gmail.com', '2021-06-21');
INSERT INTO FullTimeLeave(email, leave_date) VALUES ('caleb@gmail.com', '2022-06-06');
INSERT INTO FullTimeLeave(email, leave_date) VALUES ('caleb@gmail.com', '2022-06-07');
INSERT INTO FullTimeLeave(email, leave_date) VALUES ('caleb@gmail.com', '2022-06-08');

INSERT INTO Users(name, email, description, password) VALUES ('charlie', 'charlie@gmail.com', 'A user of PCS', 'charliepw');
INSERT INTO PetOwners(email) VALUES ('charlie@gmail.com');
INSERT INTO Pets(email, pet_name, special_requirements, description, species) VALUES ('charlie@gmail.com', 'roger', 'roger needs love!', 'roger is a Dog', 'Dog');
INSERT INTO Pets(email, pet_name, special_requirements, description, species) VALUES ('charlie@gmail.com', 'boomer', 'boomer needs love!', 'boomer is a Snake', 'Snake');
INSERT INTO Pets(email, pet_name, special_requirements, description, species) VALUES ('charlie@gmail.com', 'hugo', 'hugo needs love!', 'hugo is a Hamster', 'Hamster');
INSERT INTO Pets(email, pet_name, special_requirements, description, species) VALUES ('charlie@gmail.com', 'choco', 'choco needs love!', 'choco is a Monkey', 'Monkey');
INSERT INTO Pets(email, pet_name, special_requirements, description, species) VALUES ('charlie@gmail.com', 'maddie', 'maddie needs love!', 'maddie is a Dog', 'Dog');
INSERT INTO Caretakers(email, is_fulltime, rating) VALUES ('charlie@gmail.com', True, 0);
INSERT INTO TakecarePrice(daily_price, email, species) VALUES (110, 'charlie@gmail.com', 'Turtle');
INSERT INTO TakecarePrice(daily_price, email, species) VALUES (130, 'charlie@gmail.com', 'Monkey');
INSERT INTO FullTimeLeave(email, leave_date) VALUES ('charlie@gmail.com', '2021-04-11');
INSERT INTO FullTimeLeave(email, leave_date) VALUES ('charlie@gmail.com', '2021-04-12');
INSERT INTO FullTimeLeave(email, leave_date) VALUES ('charlie@gmail.com', '2021-04-13');
INSERT INTO FullTimeLeave(email, leave_date) VALUES ('charlie@gmail.com', '2022-06-12');
INSERT INTO FullTimeLeave(email, leave_date) VALUES ('charlie@gmail.com', '2022-06-13');
INSERT INTO FullTimeLeave(email, leave_date) VALUES ('charlie@gmail.com', '2022-06-14');

INSERT INTO Users(name, email, description, password) VALUES ('dick', 'dick@gmail.com', 'A user of PCS', 'dickpw');
INSERT INTO PetOwners(email) VALUES ('dick@gmail.com');
INSERT INTO Pets(email, pet_name, special_requirements, description, species) VALUES ('dick@gmail.com', 'jerry', 'jerry needs love!', 'jerry is a Mouse', 'Mouse');
INSERT INTO Pets(email, pet_name, special_requirements, description, species) VALUES ('dick@gmail.com', 'bandit', 'bandit needs love!', 'bandit is a Cat', 'Cat');
INSERT INTO Pets(email, pet_name, special_requirements, description, species) VALUES ('dick@gmail.com', 'daisy', 'daisy needs love!', 'daisy is a Bird', 'Bird');
INSERT INTO Caretakers(email, is_fulltime, rating) VALUES ('dick@gmail.com', False, 0);
INSERT INTO TakecarePrice(daily_price, email, species) VALUES (199, 'dick@gmail.com', 'Snake');
INSERT INTO TakecarePrice(daily_price, email, species) VALUES (64, 'dick@gmail.com', 'Hamster');
INSERT INTO TakecarePrice(daily_price, email, species) VALUES (94, 'dick@gmail.com', 'Cat');
INSERT INTO PartTimeAvail(email, work_date) VALUES ('dick@gmail.com', '2021-12-01');
INSERT INTO PartTimeAvail(email, work_date) VALUES ('dick@gmail.com', '2021-12-02');
INSERT INTO PartTimeAvail(email, work_date) VALUES ('dick@gmail.com', '2021-12-03');
INSERT INTO PartTimeAvail(email, work_date) VALUES ('dick@gmail.com', '2021-12-04');
INSERT INTO PartTimeAvail(email, work_date) VALUES ('dick@gmail.com', '2021-12-05');
INSERT INTO PartTimeAvail(email, work_date) VALUES ('dick@gmail.com', '2021-06-01');
INSERT INTO PartTimeAvail(email, work_date) VALUES ('dick@gmail.com', '2021-06-02');
INSERT INTO PartTimeAvail(email, work_date) VALUES ('dick@gmail.com', '2021-06-03');
INSERT INTO PartTimeAvail(email, work_date) VALUES ('dick@gmail.com', '2021-06-04');
INSERT INTO PartTimeAvail(email, work_date) VALUES ('dick@gmail.com', '2021-06-05');
INSERT INTO PartTimeAvail(email, work_date) VALUES ('dick@gmail.com', '2022-07-01');
INSERT INTO PartTimeAvail(email, work_date) VALUES ('dick@gmail.com', '2022-07-02');
INSERT INTO PartTimeAvail(email, work_date) VALUES ('dick@gmail.com', '2022-07-03');
INSERT INTO PartTimeAvail(email, work_date) VALUES ('dick@gmail.com', '2022-07-04');
INSERT INTO PartTimeAvail(email, work_date) VALUES ('dick@gmail.com', '2022-07-05');
INSERT INTO PartTimeAvail(email, work_date) VALUES ('dick@gmail.com', '2022-02-01');
INSERT INTO PartTimeAvail(email, work_date) VALUES ('dick@gmail.com', '2022-02-02');
INSERT INTO PartTimeAvail(email, work_date) VALUES ('dick@gmail.com', '2022-02-03');
INSERT INTO PartTimeAvail(email, work_date) VALUES ('dick@gmail.com', '2022-02-04');
INSERT INTO PartTimeAvail(email, work_date) VALUES ('dick@gmail.com', '2022-02-05');

INSERT INTO Users(name, email, description, password) VALUES ('dawson', 'dawson@gmail.com', 'A user of PCS', 'dawsonpw');
INSERT INTO PetOwners(email) VALUES ('dawson@gmail.com');
INSERT INTO Pets(email, pet_name, special_requirements, description, species) VALUES ('dawson@gmail.com', 'fergie', 'fergie needs love!', 'fergie is a Snake', 'Snake');
INSERT INTO Pets(email, pet_name, special_requirements, description, species) VALUES ('dawson@gmail.com', 'sammy', 'sammy needs love!', 'sammy is a Snake', 'Snake');
INSERT INTO Pets(email, pet_name, special_requirements, description, species) VALUES ('dawson@gmail.com', 'abby', 'abby needs love!', 'abby is a Lion', 'Lion');
INSERT INTO Pets(email, pet_name, special_requirements, description, species) VALUES ('dawson@gmail.com', 'cloud', 'cloud needs love!', 'cloud is a Monkey', 'Monkey');

INSERT INTO Users(name, email, description, password) VALUES ('emma', 'emma@gmail.com', 'A user of PCS', 'emmapw');
INSERT INTO Caretakers(email, is_fulltime, rating) VALUES ('emma@gmail.com', True, 0);
INSERT INTO TakecarePrice(daily_price, email, species) VALUES (70, 'emma@gmail.com', 'Hamster');
INSERT INTO TakecarePrice(daily_price, email, species) VALUES (140, 'emma@gmail.com', 'Lion');
INSERT INTO TakecarePrice(daily_price, email, species) VALUES (90, 'emma@gmail.com', 'Bird');
INSERT INTO TakecarePrice(daily_price, email, species) VALUES (60, 'emma@gmail.com', 'Cat');
INSERT INTO TakecarePrice(daily_price, email, species) VALUES (120, 'emma@gmail.com', 'Snake');
INSERT INTO FullTimeLeave(email, leave_date) VALUES ('emma@gmail.com', '2021-08-05');
INSERT INTO FullTimeLeave(email, leave_date) VALUES ('emma@gmail.com', '2021-08-06');
INSERT INTO FullTimeLeave(email, leave_date) VALUES ('emma@gmail.com', '2021-08-07');
INSERT INTO FullTimeLeave(email, leave_date) VALUES ('emma@gmail.com', '2022-09-26');
INSERT INTO FullTimeLeave(email, leave_date) VALUES ('emma@gmail.com', '2022-09-27');
INSERT INTO FullTimeLeave(email, leave_date) VALUES ('emma@gmail.com', '2022-09-28');

INSERT INTO Users(name, email, description, password) VALUES ('felix', 'felix@gmail.com', 'A user of PCS', 'felixpw');
INSERT INTO PetOwners(email) VALUES ('felix@gmail.com');
INSERT INTO Pets(email, pet_name, special_requirements, description, species) VALUES ('felix@gmail.com', 'fergie', 'fergie needs love!', 'fergie is a Monkey', 'Monkey');
INSERT INTO Pets(email, pet_name, special_requirements, description, species) VALUES ('felix@gmail.com', 'boomer', 'boomer needs love!', 'boomer is a Bird', 'Bird');
INSERT INTO Pets(email, pet_name, special_requirements, description, species) VALUES ('felix@gmail.com', 'charlie', 'charlie needs love!', 'charlie is a Mouse', 'Mouse');

INSERT INTO Users(name, email, description, password) VALUES ('gordon', 'gordon@gmail.com', 'A user of PCS', 'gordonpw');
INSERT INTO Caretakers(email, is_fulltime, rating) VALUES ('gordon@gmail.com', False, 0);
INSERT INTO TakecarePrice(daily_price, email, species) VALUES (134, 'gordon@gmail.com', 'Bird');
INSERT INTO TakecarePrice(daily_price, email, species) VALUES (229, 'gordon@gmail.com', 'Snake');
INSERT INTO TakecarePrice(daily_price, email, species) VALUES (95, 'gordon@gmail.com', 'Horse');
INSERT INTO PartTimeAvail(email, work_date) VALUES ('gordon@gmail.com', '2021-01-01');
INSERT INTO PartTimeAvail(email, work_date) VALUES ('gordon@gmail.com', '2021-01-02');
INSERT INTO PartTimeAvail(email, work_date) VALUES ('gordon@gmail.com', '2021-01-03');
INSERT INTO PartTimeAvail(email, work_date) VALUES ('gordon@gmail.com', '2021-01-04');
INSERT INTO PartTimeAvail(email, work_date) VALUES ('gordon@gmail.com', '2021-01-05');
INSERT INTO PartTimeAvail(email, work_date) VALUES ('gordon@gmail.com', '2021-02-01');
INSERT INTO PartTimeAvail(email, work_date) VALUES ('gordon@gmail.com', '2021-02-02');
INSERT INTO PartTimeAvail(email, work_date) VALUES ('gordon@gmail.com', '2021-02-03');
INSERT INTO PartTimeAvail(email, work_date) VALUES ('gordon@gmail.com', '2021-02-04');
INSERT INTO PartTimeAvail(email, work_date) VALUES ('gordon@gmail.com', '2021-02-05');
INSERT INTO PartTimeAvail(email, work_date) VALUES ('gordon@gmail.com', '2022-09-01');
INSERT INTO PartTimeAvail(email, work_date) VALUES ('gordon@gmail.com', '2022-09-02');
INSERT INTO PartTimeAvail(email, work_date) VALUES ('gordon@gmail.com', '2022-09-03');
INSERT INTO PartTimeAvail(email, work_date) VALUES ('gordon@gmail.com', '2022-09-04');
INSERT INTO PartTimeAvail(email, work_date) VALUES ('gordon@gmail.com', '2022-09-05');
INSERT INTO PartTimeAvail(email, work_date) VALUES ('gordon@gmail.com', '2022-10-01');
INSERT INTO PartTimeAvail(email, work_date) VALUES ('gordon@gmail.com', '2022-10-02');
INSERT INTO PartTimeAvail(email, work_date) VALUES ('gordon@gmail.com', '2022-10-03');
INSERT INTO PartTimeAvail(email, work_date) VALUES ('gordon@gmail.com', '2022-10-04');
INSERT INTO PartTimeAvail(email, work_date) VALUES ('gordon@gmail.com', '2022-10-05');

INSERT INTO Users(name, email, description, password) VALUES ('hassan', 'hassan@gmail.com', 'A user of PCS', 'hassanpw');
INSERT INTO PetOwners(email) VALUES ('hassan@gmail.com');
INSERT INTO Pets(email, pet_name, special_requirements, description, species) VALUES ('hassan@gmail.com', 'chippy', 'chippy needs love!', 'chippy is a Hamster', 'Hamster');
INSERT INTO Pets(email, pet_name, special_requirements, description, species) VALUES ('hassan@gmail.com', 'daisy', 'daisy needs love!', 'daisy is a Turtle', 'Turtle');
INSERT INTO Pets(email, pet_name, special_requirements, description, species) VALUES ('hassan@gmail.com', 'gizmo', 'gizmo needs love!', 'gizmo is a Hamster', 'Hamster');

INSERT INTO Users(name, email, description, password) VALUES ('ian', 'ian@gmail.com', 'A user of PCS', 'ianpw');
INSERT INTO PetOwners(email) VALUES ('ian@gmail.com');
INSERT INTO Pets(email, pet_name, special_requirements, description, species) VALUES ('ian@gmail.com', 'boomer', 'boomer needs love!', 'boomer is a Turtle', 'Turtle');
INSERT INTO Pets(email, pet_name, special_requirements, description, species) VALUES ('ian@gmail.com', 'gus', 'gus needs love!', 'gus is a Monkey', 'Monkey');
INSERT INTO Pets(email, pet_name, special_requirements, description, species) VALUES ('ian@gmail.com', 'axa', 'axa needs love!', 'axa is a Snake', 'Snake');
INSERT INTO Pets(email, pet_name, special_requirements, description, species) VALUES ('ian@gmail.com', 'charlie', 'charlie needs love!', 'charlie is a Dog', 'Dog');

INSERT INTO Users(name, email, description, password) VALUES ('jenny', 'jenny@gmail.com', 'A user of PCS', 'jennypw');
INSERT INTO PetOwners(email) VALUES ('jenny@gmail.com');
INSERT INTO Pets(email, pet_name, special_requirements, description, species) VALUES ('jenny@gmail.com', 'ginger', 'ginger needs love!', 'ginger is a Bird', 'Bird');
INSERT INTO Pets(email, pet_name, special_requirements, description, species) VALUES ('jenny@gmail.com', 'charlie', 'charlie needs love!', 'charlie is a Horse', 'Horse');

INSERT INTO Users(name, email, description, password) VALUES ('konstance', 'konstance@gmail.com', 'A user of PCS', 'konstancepw');
INSERT INTO Caretakers(email, is_fulltime, rating) VALUES ('konstance@gmail.com', True, 0);
INSERT INTO TakecarePrice(daily_price, email, species) VALUES (50, 'konstance@gmail.com', 'Dog');
INSERT INTO TakecarePrice(daily_price, email, species) VALUES (130, 'konstance@gmail.com', 'Monkey');
INSERT INTO FullTimeLeave(email, leave_date) VALUES ('konstance@gmail.com', '2021-03-26');
INSERT INTO FullTimeLeave(email, leave_date) VALUES ('konstance@gmail.com', '2021-03-27');
INSERT INTO FullTimeLeave(email, leave_date) VALUES ('konstance@gmail.com', '2021-03-28');
INSERT INTO FullTimeLeave(email, leave_date) VALUES ('konstance@gmail.com', '2022-04-01');
INSERT INTO FullTimeLeave(email, leave_date) VALUES ('konstance@gmail.com', '2022-04-02');
INSERT INTO FullTimeLeave(email, leave_date) VALUES ('konstance@gmail.com', '2022-04-03');

INSERT INTO Users(name, email, description, password) VALUES ('rupert', 'rupert@gmail.com', 'A user of PCS', 'rupertpw');
INSERT INTO Caretakers(email, is_fulltime, rating) VALUES ('rupert@gmail.com', False, 0);
INSERT INTO TakecarePrice(daily_price, email, species) VALUES (87, 'rupert@gmail.com', 'Snake');
INSERT INTO TakecarePrice(daily_price, email, species) VALUES (30, 'rupert@gmail.com', 'Cat');
INSERT INTO TakecarePrice(daily_price, email, species) VALUES (128, 'rupert@gmail.com', 'Turtle');
INSERT INTO PartTimeAvail(email, work_date) VALUES ('rupert@gmail.com', '2021-01-01');
INSERT INTO PartTimeAvail(email, work_date) VALUES ('rupert@gmail.com', '2021-01-02');
INSERT INTO PartTimeAvail(email, work_date) VALUES ('rupert@gmail.com', '2021-01-03');
INSERT INTO PartTimeAvail(email, work_date) VALUES ('rupert@gmail.com', '2021-01-04');
INSERT INTO PartTimeAvail(email, work_date) VALUES ('rupert@gmail.com', '2021-01-05');
INSERT INTO PartTimeAvail(email, work_date) VALUES ('rupert@gmail.com', '2021-05-01');
INSERT INTO PartTimeAvail(email, work_date) VALUES ('rupert@gmail.com', '2021-05-02');
INSERT INTO PartTimeAvail(email, work_date) VALUES ('rupert@gmail.com', '2021-05-03');
INSERT INTO PartTimeAvail(email, work_date) VALUES ('rupert@gmail.com', '2021-05-04');
INSERT INTO PartTimeAvail(email, work_date) VALUES ('rupert@gmail.com', '2021-05-05');
INSERT INTO PartTimeAvail(email, work_date) VALUES ('rupert@gmail.com', '2022-06-01');
INSERT INTO PartTimeAvail(email, work_date) VALUES ('rupert@gmail.com', '2022-06-02');
INSERT INTO PartTimeAvail(email, work_date) VALUES ('rupert@gmail.com', '2022-06-03');
INSERT INTO PartTimeAvail(email, work_date) VALUES ('rupert@gmail.com', '2022-06-04');
INSERT INTO PartTimeAvail(email, work_date) VALUES ('rupert@gmail.com', '2022-06-05');
INSERT INTO PartTimeAvail(email, work_date) VALUES ('rupert@gmail.com', '2022-05-01');
INSERT INTO PartTimeAvail(email, work_date) VALUES ('rupert@gmail.com', '2022-05-02');
INSERT INTO PartTimeAvail(email, work_date) VALUES ('rupert@gmail.com', '2022-05-03');
INSERT INTO PartTimeAvail(email, work_date) VALUES ('rupert@gmail.com', '2022-05-04');
INSERT INTO PartTimeAvail(email, work_date) VALUES ('rupert@gmail.com', '2022-05-05');

INSERT INTO Users(name, email, description, password) VALUES ('ronald', 'ronald@gmail.com', 'A user of PCS', 'ronaldpw');
INSERT INTO PetOwners(email) VALUES ('ronald@gmail.com');
INSERT INTO Pets(email, pet_name, special_requirements, description, species) VALUES ('ronald@gmail.com', 'jacky', 'jacky needs love!', 'jacky is a Monkey', 'Monkey');
INSERT INTO Pets(email, pet_name, special_requirements, description, species) VALUES ('ronald@gmail.com', 'sammy', 'sammy needs love!', 'sammy is a Monkey', 'Monkey');
INSERT INTO Pets(email, pet_name, special_requirements, description, species) VALUES ('ronald@gmail.com', 'gizmo', 'gizmo needs love!', 'gizmo is a Turtle', 'Turtle');
INSERT INTO Pets(email, pet_name, special_requirements, description, species) VALUES ('ronald@gmail.com', 'fergie', 'fergie needs love!', 'fergie is a Turtle', 'Turtle');
INSERT INTO Caretakers(email, is_fulltime, rating) VALUES ('ronald@gmail.com', True, 0);
INSERT INTO TakecarePrice(daily_price, email, species) VALUES (60, 'ronald@gmail.com', 'Cat');
INSERT INTO TakecarePrice(daily_price, email, species) VALUES (140, 'ronald@gmail.com', 'Lion');
INSERT INTO TakecarePrice(daily_price, email, species) VALUES (100, 'ronald@gmail.com', 'Horse');
INSERT INTO TakecarePrice(daily_price, email, species) VALUES (80, 'ronald@gmail.com', 'Mouse');
INSERT INTO FullTimeLeave(email, leave_date) VALUES ('ronald@gmail.com', '2021-03-16');
INSERT INTO FullTimeLeave(email, leave_date) VALUES ('ronald@gmail.com', '2021-03-17');
INSERT INTO FullTimeLeave(email, leave_date) VALUES ('ronald@gmail.com', '2021-03-18');
INSERT INTO FullTimeLeave(email, leave_date) VALUES ('ronald@gmail.com', '2022-05-09');
INSERT INTO FullTimeLeave(email, leave_date) VALUES ('ronald@gmail.com', '2022-05-10');
INSERT INTO FullTimeLeave(email, leave_date) VALUES ('ronald@gmail.com', '2022-05-11');

INSERT INTO Users(name, email, description, password) VALUES ('romeo', 'romeo@gmail.com', 'A user of PCS', 'romeopw');
INSERT INTO Caretakers(email, is_fulltime, rating) VALUES ('romeo@gmail.com', False, 0);
INSERT INTO TakecarePrice(daily_price, email, species) VALUES (58, 'romeo@gmail.com', 'Mouse');
INSERT INTO TakecarePrice(daily_price, email, species) VALUES (49, 'romeo@gmail.com', 'Hamster');
INSERT INTO TakecarePrice(daily_price, email, species) VALUES (257, 'romeo@gmail.com', 'Monkey');
INSERT INTO TakecarePrice(daily_price, email, species) VALUES (30, 'romeo@gmail.com', 'Dog');
INSERT INTO TakecarePrice(daily_price, email, species) VALUES (52, 'romeo@gmail.com', 'Turtle');
INSERT INTO PartTimeAvail(email, work_date) VALUES ('romeo@gmail.com', '2021-08-01');
INSERT INTO PartTimeAvail(email, work_date) VALUES ('romeo@gmail.com', '2021-08-02');
INSERT INTO PartTimeAvail(email, work_date) VALUES ('romeo@gmail.com', '2021-08-03');
INSERT INTO PartTimeAvail(email, work_date) VALUES ('romeo@gmail.com', '2021-08-04');
INSERT INTO PartTimeAvail(email, work_date) VALUES ('romeo@gmail.com', '2021-08-05');
INSERT INTO PartTimeAvail(email, work_date) VALUES ('romeo@gmail.com', '2021-06-01');
INSERT INTO PartTimeAvail(email, work_date) VALUES ('romeo@gmail.com', '2021-06-02');
INSERT INTO PartTimeAvail(email, work_date) VALUES ('romeo@gmail.com', '2021-06-03');
INSERT INTO PartTimeAvail(email, work_date) VALUES ('romeo@gmail.com', '2021-06-04');
INSERT INTO PartTimeAvail(email, work_date) VALUES ('romeo@gmail.com', '2021-06-05');
INSERT INTO PartTimeAvail(email, work_date) VALUES ('romeo@gmail.com', '2022-12-01');
INSERT INTO PartTimeAvail(email, work_date) VALUES ('romeo@gmail.com', '2022-12-02');
INSERT INTO PartTimeAvail(email, work_date) VALUES ('romeo@gmail.com', '2022-12-03');
INSERT INTO PartTimeAvail(email, work_date) VALUES ('romeo@gmail.com', '2022-12-04');
INSERT INTO PartTimeAvail(email, work_date) VALUES ('romeo@gmail.com', '2022-12-05');
INSERT INTO PartTimeAvail(email, work_date) VALUES ('romeo@gmail.com', '2022-06-01');
INSERT INTO PartTimeAvail(email, work_date) VALUES ('romeo@gmail.com', '2022-06-02');
INSERT INTO PartTimeAvail(email, work_date) VALUES ('romeo@gmail.com', '2022-06-03');
INSERT INTO PartTimeAvail(email, work_date) VALUES ('romeo@gmail.com', '2022-06-04');
INSERT INTO PartTimeAvail(email, work_date) VALUES ('romeo@gmail.com', '2022-06-05');

INSERT INTO Users(name, email, description, password) VALUES ('rick', 'rick@gmail.com', 'A user of PCS', 'rickpw');
INSERT INTO PetOwners(email) VALUES ('rick@gmail.com');
INSERT INTO Pets(email, pet_name, special_requirements, description, species) VALUES ('rick@gmail.com', 'chad', 'chad needs love!', 'chad is a Horse', 'Horse');
INSERT INTO Pets(email, pet_name, special_requirements, description, species) VALUES ('rick@gmail.com', 'roscoe', 'roscoe needs love!', 'roscoe is a Bird', 'Bird');
INSERT INTO Pets(email, pet_name, special_requirements, description, species) VALUES ('rick@gmail.com', 'choco', 'choco needs love!', 'choco is a Turtle', 'Turtle');

INSERT INTO Users(name, email, description, password) VALUES ('xiaoping', 'xiaoping@gmail.com', 'A user of PCS', 'xiaopingpw');
INSERT INTO PetOwners(email) VALUES ('xiaoping@gmail.com');
INSERT INTO Pets(email, pet_name, special_requirements, description, species) VALUES ('xiaoping@gmail.com', 'buster', 'buster needs love!', 'buster is a Snake', 'Snake');
INSERT INTO Pets(email, pet_name, special_requirements, description, species) VALUES ('xiaoping@gmail.com', 'jacky', 'jacky needs love!', 'jacky is a Monkey', 'Monkey');
INSERT INTO Pets(email, pet_name, special_requirements, description, species) VALUES ('xiaoping@gmail.com', 'fergie', 'fergie needs love!', 'fergie is a Lion', 'Lion');
INSERT INTO Pets(email, pet_name, special_requirements, description, species) VALUES ('xiaoping@gmail.com', 'jerry', 'jerry needs love!', 'jerry is a Horse', 'Horse');
INSERT INTO Caretakers(email, is_fulltime, rating) VALUES ('xiaoping@gmail.com', True, 0);
INSERT INTO TakecarePrice(daily_price, email, species) VALUES (120, 'xiaoping@gmail.com', 'Snake');
INSERT INTO TakecarePrice(daily_price, email, species) VALUES (60, 'xiaoping@gmail.com', 'Cat');
INSERT INTO TakecarePrice(daily_price, email, species) VALUES (70, 'xiaoping@gmail.com', 'Hamster');
INSERT INTO FullTimeLeave(email, leave_date) VALUES ('xiaoping@gmail.com', '2021-12-01');
INSERT INTO FullTimeLeave(email, leave_date) VALUES ('xiaoping@gmail.com', '2021-12-02');
INSERT INTO FullTimeLeave(email, leave_date) VALUES ('xiaoping@gmail.com', '2021-12-03');
INSERT INTO FullTimeLeave(email, leave_date) VALUES ('xiaoping@gmail.com', '2022-10-29');
INSERT INTO FullTimeLeave(email, leave_date) VALUES ('xiaoping@gmail.com', '2022-10-30');
INSERT INTO FullTimeLeave(email, leave_date) VALUES ('xiaoping@gmail.com', '2022-10-31');

INSERT INTO Users(name, email, description, password) VALUES ('xiaoming', 'xiaoming@gmail.com', 'A user of PCS', 'xiaomingpw');
INSERT INTO Caretakers(email, is_fulltime, rating) VALUES ('xiaoming@gmail.com', True, 0);
INSERT INTO TakecarePrice(daily_price, email, species) VALUES (60, 'xiaoming@gmail.com', 'Cat');
INSERT INTO TakecarePrice(daily_price, email, species) VALUES (90, 'xiaoming@gmail.com', 'Bird');
INSERT INTO TakecarePrice(daily_price, email, species) VALUES (110, 'xiaoming@gmail.com', 'Turtle');
INSERT INTO FullTimeLeave(email, leave_date) VALUES ('xiaoming@gmail.com', '2021-08-26');
INSERT INTO FullTimeLeave(email, leave_date) VALUES ('xiaoming@gmail.com', '2021-08-27');
INSERT INTO FullTimeLeave(email, leave_date) VALUES ('xiaoming@gmail.com', '2021-08-28');
INSERT INTO FullTimeLeave(email, leave_date) VALUES ('xiaoming@gmail.com', '2022-12-26');
INSERT INTO FullTimeLeave(email, leave_date) VALUES ('xiaoming@gmail.com', '2022-12-27');
INSERT INTO FullTimeLeave(email, leave_date) VALUES ('xiaoming@gmail.com', '2022-12-28');

INSERT INTO Users(name, email, description, password) VALUES ('xiaodong', 'xiaodong@gmail.com', 'A user of PCS', 'xiaodongpw');
INSERT INTO PetOwners(email) VALUES ('xiaodong@gmail.com');
INSERT INTO Pets(email, pet_name, special_requirements, description, species) VALUES ('xiaodong@gmail.com', 'daisy', 'daisy needs love!', 'daisy is a Bird', 'Bird');
INSERT INTO Pets(email, pet_name, special_requirements, description, species) VALUES ('xiaodong@gmail.com', 'buster', 'buster needs love!', 'buster is a Turtle', 'Turtle');
INSERT INTO Pets(email, pet_name, special_requirements, description, species) VALUES ('xiaodong@gmail.com', 'logan', 'logan needs love!', 'logan is a Turtle', 'Turtle');
INSERT INTO Caretakers(email, is_fulltime, rating) VALUES ('xiaodong@gmail.com', False, 0);
INSERT INTO TakecarePrice(daily_price, email, species) VALUES (217, 'xiaodong@gmail.com', 'Turtle');
INSERT INTO TakecarePrice(daily_price, email, species) VALUES (78, 'xiaodong@gmail.com', 'Monkey');
INSERT INTO TakecarePrice(daily_price, email, species) VALUES (52, 'xiaodong@gmail.com', 'Dog');
INSERT INTO TakecarePrice(daily_price, email, species) VALUES (172, 'xiaodong@gmail.com', 'Horse');
INSERT INTO TakecarePrice(daily_price, email, species) VALUES (160, 'xiaodong@gmail.com', 'Bird');
INSERT INTO PartTimeAvail(email, work_date) VALUES ('xiaodong@gmail.com', '2021-05-01');
INSERT INTO PartTimeAvail(email, work_date) VALUES ('xiaodong@gmail.com', '2021-05-02');
INSERT INTO PartTimeAvail(email, work_date) VALUES ('xiaodong@gmail.com', '2021-05-03');
INSERT INTO PartTimeAvail(email, work_date) VALUES ('xiaodong@gmail.com', '2021-05-04');
INSERT INTO PartTimeAvail(email, work_date) VALUES ('xiaodong@gmail.com', '2021-05-05');
INSERT INTO PartTimeAvail(email, work_date) VALUES ('xiaodong@gmail.com', '2021-03-01');
INSERT INTO PartTimeAvail(email, work_date) VALUES ('xiaodong@gmail.com', '2021-03-02');
INSERT INTO PartTimeAvail(email, work_date) VALUES ('xiaodong@gmail.com', '2021-03-03');
INSERT INTO PartTimeAvail(email, work_date) VALUES ('xiaodong@gmail.com', '2021-03-04');
INSERT INTO PartTimeAvail(email, work_date) VALUES ('xiaodong@gmail.com', '2021-03-05');
INSERT INTO PartTimeAvail(email, work_date) VALUES ('xiaodong@gmail.com', '2022-06-01');
INSERT INTO PartTimeAvail(email, work_date) VALUES ('xiaodong@gmail.com', '2022-06-02');
INSERT INTO PartTimeAvail(email, work_date) VALUES ('xiaodong@gmail.com', '2022-06-03');
INSERT INTO PartTimeAvail(email, work_date) VALUES ('xiaodong@gmail.com', '2022-06-04');
INSERT INTO PartTimeAvail(email, work_date) VALUES ('xiaodong@gmail.com', '2022-06-05');
INSERT INTO PartTimeAvail(email, work_date) VALUES ('xiaodong@gmail.com', '2022-08-01');
INSERT INTO PartTimeAvail(email, work_date) VALUES ('xiaodong@gmail.com', '2022-08-02');
INSERT INTO PartTimeAvail(email, work_date) VALUES ('xiaodong@gmail.com', '2022-08-03');
INSERT INTO PartTimeAvail(email, work_date) VALUES ('xiaodong@gmail.com', '2022-08-04');
INSERT INTO PartTimeAvail(email, work_date) VALUES ('xiaodong@gmail.com', '2022-08-05');

INSERT INTO Users(name, email, description, password) VALUES ('xiaolong', 'xiaolong@gmail.com', 'A user of PCS', 'xiaolongpw');
INSERT INTO Caretakers(email, is_fulltime, rating) VALUES ('xiaolong@gmail.com', True, 0);
INSERT INTO TakecarePrice(daily_price, email, species) VALUES (100, 'xiaolong@gmail.com', 'Horse');
INSERT INTO TakecarePrice(daily_price, email, species) VALUES (50, 'xiaolong@gmail.com', 'Dog');
INSERT INTO FullTimeLeave(email, leave_date) VALUES ('xiaolong@gmail.com', '2021-06-29');
INSERT INTO FullTimeLeave(email, leave_date) VALUES ('xiaolong@gmail.com', '2021-06-30');
INSERT INTO FullTimeLeave(email, leave_date) VALUES ('xiaolong@gmail.com', '2021-07-01');
INSERT INTO FullTimeLeave(email, leave_date) VALUES ('xiaolong@gmail.com', '2022-05-11');
INSERT INTO FullTimeLeave(email, leave_date) VALUES ('xiaolong@gmail.com', '2022-05-12');
INSERT INTO FullTimeLeave(email, leave_date) VALUES ('xiaolong@gmail.com', '2022-05-13');

INSERT INTO Users(name, email, description, password) VALUES ('xiaobao', 'xiaobao@gmail.com', 'A user of PCS', 'xiaobaopw');
INSERT INTO Caretakers(email, is_fulltime, rating) VALUES ('xiaobao@gmail.com', False, 0);
INSERT INTO TakecarePrice(daily_price, email, species) VALUES (30, 'xiaobao@gmail.com', 'Cat');
INSERT INTO TakecarePrice(daily_price, email, species) VALUES (171, 'xiaobao@gmail.com', 'Bird');
INSERT INTO PartTimeAvail(email, work_date) VALUES ('xiaobao@gmail.com', '2021-09-01');
INSERT INTO PartTimeAvail(email, work_date) VALUES ('xiaobao@gmail.com', '2021-09-02');
INSERT INTO PartTimeAvail(email, work_date) VALUES ('xiaobao@gmail.com', '2021-09-03');
INSERT INTO PartTimeAvail(email, work_date) VALUES ('xiaobao@gmail.com', '2021-09-04');
INSERT INTO PartTimeAvail(email, work_date) VALUES ('xiaobao@gmail.com', '2021-09-05');
INSERT INTO PartTimeAvail(email, work_date) VALUES ('xiaobao@gmail.com', '2021-04-01');
INSERT INTO PartTimeAvail(email, work_date) VALUES ('xiaobao@gmail.com', '2021-04-02');
INSERT INTO PartTimeAvail(email, work_date) VALUES ('xiaobao@gmail.com', '2021-04-03');
INSERT INTO PartTimeAvail(email, work_date) VALUES ('xiaobao@gmail.com', '2021-04-04');
INSERT INTO PartTimeAvail(email, work_date) VALUES ('xiaobao@gmail.com', '2021-04-05');
INSERT INTO PartTimeAvail(email, work_date) VALUES ('xiaobao@gmail.com', '2022-02-01');
INSERT INTO PartTimeAvail(email, work_date) VALUES ('xiaobao@gmail.com', '2022-02-02');
INSERT INTO PartTimeAvail(email, work_date) VALUES ('xiaobao@gmail.com', '2022-02-03');
INSERT INTO PartTimeAvail(email, work_date) VALUES ('xiaobao@gmail.com', '2022-02-04');
INSERT INTO PartTimeAvail(email, work_date) VALUES ('xiaobao@gmail.com', '2022-02-05');
INSERT INTO PartTimeAvail(email, work_date) VALUES ('xiaobao@gmail.com', '2022-12-01');
INSERT INTO PartTimeAvail(email, work_date) VALUES ('xiaobao@gmail.com', '2022-12-02');
INSERT INTO PartTimeAvail(email, work_date) VALUES ('xiaobao@gmail.com', '2022-12-03');
INSERT INTO PartTimeAvail(email, work_date) VALUES ('xiaobao@gmail.com', '2022-12-04');
INSERT INTO PartTimeAvail(email, work_date) VALUES ('xiaobao@gmail.com', '2022-12-05');

INSERT INTO Users(name, email, description, password) VALUES ('xiaorong', 'xiaorong@gmail.com', 'A user of PCS', 'xiaorongpw');
INSERT INTO Caretakers(email, is_fulltime, rating) VALUES ('xiaorong@gmail.com', True, 0);
INSERT INTO TakecarePrice(daily_price, email, species) VALUES (60, 'xiaorong@gmail.com', 'Cat');
INSERT INTO TakecarePrice(daily_price, email, species) VALUES (110, 'xiaorong@gmail.com', 'Turtle');
INSERT INTO FullTimeLeave(email, leave_date) VALUES ('xiaorong@gmail.com', '2021-04-19');
INSERT INTO FullTimeLeave(email, leave_date) VALUES ('xiaorong@gmail.com', '2021-04-20');
INSERT INTO FullTimeLeave(email, leave_date) VALUES ('xiaorong@gmail.com', '2021-04-21');
INSERT INTO FullTimeLeave(email, leave_date) VALUES ('xiaorong@gmail.com', '2022-03-03');
INSERT INTO FullTimeLeave(email, leave_date) VALUES ('xiaorong@gmail.com', '2022-03-04');
INSERT INTO FullTimeLeave(email, leave_date) VALUES ('xiaorong@gmail.com', '2022-03-05');

INSERT INTO Users(name, email, description, password) VALUES ('xiaohong', 'xiaohong@gmail.com', 'A user of PCS', 'xiaohongpw');
INSERT INTO PetOwners(email) VALUES ('xiaohong@gmail.com');
INSERT INTO Pets(email, pet_name, special_requirements, description, species) VALUES ('xiaohong@gmail.com', 'choco', 'choco needs love!', 'choco is a Lion', 'Lion');

INSERT INTO Users(name, email, description, password) VALUES ('xiaozong', 'xiaozong@gmail.com', 'A user of PCS', 'xiaozongpw');
INSERT INTO PetOwners(email) VALUES ('xiaozong@gmail.com');
INSERT INTO Pets(email, pet_name, special_requirements, description, species) VALUES ('xiaozong@gmail.com', 'daisy', 'daisy needs love!', 'daisy is a Horse', 'Horse');
INSERT INTO Pets(email, pet_name, special_requirements, description, species) VALUES ('xiaozong@gmail.com', 'jerry', 'jerry needs love!', 'jerry is a Dog', 'Dog');

INSERT INTO BidsFor VALUES ('felix@gmail.com', 'cassie@gmail.com', 'charlie', '2020-01-01 00:00:00', '2021-11-04', '2021-11-06', 80, 84, NULL, False, '1', '1', NULL, NULL);
INSERT INTO BidsFor VALUES ('dawson@gmail.com', 'rupert@gmail.com', 'sammy', '2020-01-01 00:00:01', '2021-02-16', '2021-02-21', 87, 91, NULL, False, '1', '1', NULL, NULL);
INSERT INTO BidsFor VALUES ('ian@gmail.com', 'alice@gmail.com', 'boomer', '2020-01-01 00:00:02', '2022-11-24', '2022-11-26', 72, 89, NULL, False, '1', '1', NULL, NULL);
INSERT INTO BidsFor VALUES ('xiaohong@gmail.com', 'carrie@gmail.com', 'choco', '2020-01-01 00:00:03', '2022-03-09', '2022-03-10', 140, 165, NULL, False, '1', '1', NULL, NULL);
INSERT INTO BidsFor VALUES ('xiaodong@gmail.com', 'becky@gmail.com', 'buster', '2020-01-01 00:00:04', '2021-07-24', '2021-07-29', 110, 137, NULL, False, '1', '1', NULL, NULL);
INSERT INTO BidsFor VALUES ('arnold@gmail.com', 'xiaodong@gmail.com', 'chewie', '2020-01-01 00:00:05', '2021-04-16', '2021-04-19', 172, 178, NULL, False, '1', '1', NULL, NULL);
INSERT INTO BidsFor VALUES ('caleb@gmail.com', 'beth@gmail.com', 'choco', '2020-01-01 00:00:06', '2021-05-19', '2021-05-19', 50, 54, NULL, False, '1', '1', NULL, NULL);
INSERT INTO BidsFor VALUES ('charlie@gmail.com', 'xiaolong@gmail.com', 'maddie', '2020-01-01 00:00:07', '2022-11-06', '2022-11-12', 50, 52, NULL, False, '1', '1', NULL, NULL);
INSERT INTO BidsFor VALUES ('connor@gmail.com', 'xiaobao@gmail.com', 'roscoe', '2020-01-01 00:00:08', '2021-04-30', '2021-04-30', 171, 184, NULL, False, '1', '1', NULL, NULL);
INSERT INTO BidsFor VALUES ('xiaozong@gmail.com', 'xiaodong@gmail.com', 'daisy', '2020-01-01 00:00:09', '2022-12-10', '2022-12-10', 172, 183, NULL, False, '1', '1', NULL, NULL);
INSERT INTO BidsFor VALUES ('xiaodong@gmail.com', 'connor@gmail.com', 'logan', '2020-01-01 00:00:10', '2022-10-05', '2022-10-07', 110, 116, NULL, False, '1', '1', NULL, NULL);
INSERT INTO BidsFor VALUES ('jenny@gmail.com', 'connor@gmail.com', 'ginger', '2020-01-01 00:00:11', '2022-11-15', '2022-11-16', 90, 98, NULL, False, '1', '1', NULL, NULL);
INSERT INTO BidsFor VALUES ('hassan@gmail.com', 'xiaoping@gmail.com', 'chippy', '2020-01-01 00:00:12', '2022-10-26', '2022-10-31', 70, 92, NULL, False, '1', '1', NULL, NULL);
INSERT INTO BidsFor VALUES ('ronald@gmail.com', 'romeo@gmail.com', 'sammy', '2020-01-01 00:00:13', '2022-10-01', '2022-10-01', 257, 260, NULL, False, '1', '1', NULL, NULL);
INSERT INTO BidsFor VALUES ('rick@gmail.com', 'alex@gmail.com', 'roscoe', '2020-01-01 00:00:14', '2022-11-27', '2022-11-27', 90, 94, NULL, False, '1', '1', NULL, NULL);
INSERT INTO BidsFor VALUES ('arnold@gmail.com', 'xiaolong@gmail.com', 'bandit', '2020-01-01 00:00:15', '2022-09-04', '2022-09-06', 100, 126, NULL, False, '1', '1', NULL, NULL);
INSERT INTO BidsFor VALUES ('ronald@gmail.com', 'xiaodong@gmail.com', 'jacky', '2020-01-01 00:00:16', '2021-02-01', '2021-02-07', 78, 80, NULL, False, '1', '1', NULL, NULL);
INSERT INTO BidsFor VALUES ('dawson@gmail.com', 'dick@gmail.com', 'sammy', '2020-01-01 00:00:17', '2022-11-06', '2022-11-09', 199, 208, NULL, False, '1', '1', NULL, NULL);
INSERT INTO BidsFor VALUES ('connor@gmail.com', 'cassie@gmail.com', 'roscoe', '2020-01-01 00:00:18', '2022-07-28', '2022-07-31', 90, 94, NULL, False, '1', '1', NULL, NULL);
INSERT INTO BidsFor VALUES ('rick@gmail.com', 'cassie@gmail.com', 'chad', '2020-01-01 00:00:19', '2021-07-11', '2021-07-14', 100, 130, NULL, False, '1', '1', NULL, NULL);
INSERT INTO BidsFor VALUES ('xiaoping@gmail.com', 'carrie@gmail.com', 'jacky', '2020-01-01 00:00:20', '2021-04-19', '2021-04-20', 130, 142, NULL, False, '1', '1', NULL, NULL);
INSERT INTO BidsFor VALUES ('caleb@gmail.com', 'xiaolong@gmail.com', 'logan', '2020-01-01 00:00:21', '2022-06-20', '2022-06-23', 50, 56, NULL, False, '1', '1', NULL, NULL);
INSERT INTO BidsFor VALUES ('xiaodong@gmail.com', 'cassie@gmail.com', 'daisy', '2020-01-01 00:00:22', '2021-10-01', '2021-10-02', 90, 109, NULL, False, '1', '1', NULL, NULL);
INSERT INTO BidsFor VALUES ('xiaodong@gmail.com', 'gordon@gmail.com', 'daisy', '2020-01-01 00:00:23', '2021-03-23', '2021-03-28', 134, 156, NULL, False, '1', '1', NULL, NULL);
INSERT INTO BidsFor VALUES ('becky@gmail.com', 'xiaoping@gmail.com', 'gizmo', '2020-01-01 00:00:24', '2022-08-18', '2022-08-20', 120, 138, NULL, False, '1', '1', NULL, NULL);
INSERT INTO BidsFor VALUES ('arnold@gmail.com', 'xiaolong@gmail.com', 'chewie', '2020-01-01 00:00:25', '2022-05-18', '2022-05-19', 100, 123, NULL, False, '1', '1', NULL, NULL);
INSERT INTO BidsFor VALUES ('arnold@gmail.com', 'xiaolong@gmail.com', 'bandit', '2020-01-01 00:00:26', '2022-07-22', '2022-07-27', 100, 100, NULL, False, '1', '1', NULL, NULL);
INSERT INTO BidsFor VALUES ('hassan@gmail.com', 'romeo@gmail.com', 'gizmo', '2020-01-01 00:00:27', '2021-10-05', '2021-10-10', 49, 63, NULL, False, '1', '1', NULL, NULL);
INSERT INTO BidsFor VALUES ('connor@gmail.com', 'connor@gmail.com', 'roscoe', '2020-01-01 00:00:28', '2022-11-29', '2022-11-29', 90, 92, NULL, False, '1', '1', NULL, NULL);
INSERT INTO BidsFor VALUES ('xiaohong@gmail.com', 'bob@gmail.com', 'choco', '2020-01-01 00:00:29', '2021-08-13', '2021-08-13', 140, 149, NULL, False, '1', '1', NULL, NULL);
INSERT INTO BidsFor VALUES ('rick@gmail.com', 'alex@gmail.com', 'roscoe', '2020-01-01 00:00:30', '2021-08-17', '2021-08-21', 90, 113, NULL, False, '1', '1', NULL, NULL);
INSERT INTO BidsFor VALUES ('xiaodong@gmail.com', 'connor@gmail.com', 'daisy', '2020-01-01 00:00:31', '2021-08-04', '2021-08-05', 90, 112, NULL, False, '1', '1', NULL, NULL);
INSERT INTO BidsFor VALUES ('jenny@gmail.com', 'xiaolong@gmail.com', 'charlie', '2020-01-01 00:00:32', '2021-01-12', '2021-01-18', 100, 123, NULL, False, '1', '1', NULL, NULL);
INSERT INTO BidsFor VALUES ('ian@gmail.com', 'romeo@gmail.com', 'gus', '2020-01-01 00:00:33', '2021-07-11', '2021-07-16', 257, 262, NULL, False, '1', '1', NULL, NULL);
INSERT INTO BidsFor VALUES ('dawson@gmail.com', 'emma@gmail.com', 'abby', '2020-01-01 00:00:34', '2021-11-19', '2021-11-23', 140, 142, NULL, False, '1', '1', NULL, NULL);
INSERT INTO BidsFor VALUES ('arnold@gmail.com', 'xiaolong@gmail.com', 'bandit', '2020-01-01 00:00:35', '2021-02-01', '2021-02-02', 100, 127, NULL, False, '1', '1', NULL, NULL);
INSERT INTO BidsFor VALUES ('xiaodong@gmail.com', 'xiaobao@gmail.com', 'daisy', '2020-01-01 00:00:36', '2021-02-04', '2021-02-09', 171, 176, NULL, False, '1', '1', NULL, NULL);
INSERT INTO BidsFor VALUES ('hassan@gmail.com', 'becky@gmail.com', 'gizmo', '2020-01-01 00:00:37', '2021-02-13', '2021-02-15', 70, 74, NULL, False, '1', '1', NULL, NULL);
INSERT INTO BidsFor VALUES ('dick@gmail.com', 'xiaobao@gmail.com', 'daisy', '2020-01-01 00:00:38', '2022-06-28', '2022-07-04', 171, 191, NULL, False, '1', '1', NULL, NULL);
INSERT INTO BidsFor VALUES ('rick@gmail.com', 'rupert@gmail.com', 'choco', '2020-01-01 00:00:39', '2022-12-14', '2022-12-20', 128, 141, NULL, False, '1', '1', NULL, NULL);
INSERT INTO BidsFor VALUES ('xiaodong@gmail.com', 'emma@gmail.com', 'daisy', '2020-01-01 00:00:40', '2021-06-23', '2021-06-27', 90, 102, NULL, False, '1', '1', NULL, NULL);
INSERT INTO BidsFor VALUES ('caleb@gmail.com', 'xiaolong@gmail.com', 'charlie', '2020-01-01 00:00:41', '2022-09-11', '2022-09-16', 50, 73, NULL, False, '1', '1', NULL, NULL);
INSERT INTO BidsFor VALUES ('ronald@gmail.com', 'carrie@gmail.com', 'sammy', '2020-01-01 00:00:42', '2022-02-12', '2022-02-15', 130, 158, NULL, False, '1', '1', NULL, NULL);
INSERT INTO BidsFor VALUES ('hassan@gmail.com', 'xiaoping@gmail.com', 'gizmo', '2020-01-01 00:00:43', '2022-03-15', '2022-03-17', 70, 78, NULL, False, '1', '1', NULL, NULL);
INSERT INTO BidsFor VALUES ('rick@gmail.com', 'ronald@gmail.com', 'chad', '2020-01-01 00:00:44', '2022-05-13', '2022-05-13', 100, 106, NULL, False, '1', '1', NULL, NULL);
INSERT INTO BidsFor VALUES ('connor@gmail.com', 'xiaoming@gmail.com', 'roscoe', '2020-01-01 00:00:45', '2022-10-06', '2022-10-09', 90, 104, NULL, False, '1', '1', NULL, NULL);
INSERT INTO BidsFor VALUES ('charlie@gmail.com', 'dick@gmail.com', 'hugo', '2020-01-01 00:00:46', '2022-06-17', '2022-06-20', 64, 68, NULL, False, '1', '1', NULL, NULL);
INSERT INTO BidsFor VALUES ('rick@gmail.com', 'connor@gmail.com', 'roscoe', '2020-01-01 00:00:47', '2021-04-19', '2021-04-20', 90, 102, NULL, False, '1', '1', NULL, NULL);
INSERT INTO BidsFor VALUES ('ian@gmail.com', 'charlie@gmail.com', 'boomer', '2020-01-01 00:00:48', '2022-03-29', '2022-03-29', 110, 130, NULL, False, '1', '1', NULL, NULL);
INSERT INTO BidsFor VALUES ('xiaoping@gmail.com', 'beth@gmail.com', 'jerry', '2020-01-01 00:00:49', '2022-11-13', '2022-11-19', 100, 119, NULL, False, '1', '1', NULL, NULL);
INSERT INTO BidsFor VALUES ('ian@gmail.com', 'bob@gmail.com', 'gus', '2020-01-01 00:00:50', '2021-03-27', '2021-04-02', 130, 133, NULL, False, '1', '1', NULL, NULL);
INSERT INTO BidsFor VALUES ('arnold@gmail.com', 'xiaodong@gmail.com', 'roger', '2020-01-01 00:00:51', '2021-01-27', '2021-01-29', 217, 221, NULL, False, '1', '1', NULL, NULL);
INSERT INTO BidsFor VALUES ('ian@gmail.com', 'caleb@gmail.com', 'boomer', '2020-01-01 00:00:52', '2021-02-10', '2021-02-14', 110, 122, NULL, False, '1', '1', NULL, NULL);
INSERT INTO BidsFor VALUES ('ronald@gmail.com', 'bob@gmail.com', 'jacky', '2020-01-01 00:00:53', '2022-07-28', '2022-07-29', 130, 132, NULL, False, '1', '1', NULL, NULL);
INSERT INTO BidsFor VALUES ('hassan@gmail.com', 'romeo@gmail.com', 'gizmo', '2020-01-01 00:00:54', '2021-11-24', '2021-11-24', 49, 70, NULL, False, '1', '1', NULL, NULL);
INSERT INTO BidsFor VALUES ('caleb@gmail.com', 'konstance@gmail.com', 'charlie', '2020-01-01 00:00:55', '2021-10-21', '2021-10-24', 50, 52, NULL, False, '1', '1', NULL, NULL);
INSERT INTO BidsFor VALUES ('charlie@gmail.com', 'connor@gmail.com', 'roger', '2020-01-01 00:00:56', '2021-10-08', '2021-10-13', 50, 70, NULL, False, '1', '1', NULL, NULL);
INSERT INTO BidsFor VALUES ('arnold@gmail.com', 'carrie@gmail.com', 'bandit', '2020-01-01 00:00:57', '2022-03-11', '2022-03-11', 100, 104, NULL, False, '1', '1', NULL, NULL);
INSERT INTO BidsFor VALUES ('felix@gmail.com', 'charlie@gmail.com', 'fergie', '2020-01-01 00:00:58', '2021-12-15', '2021-12-17', 130, 132, NULL, False, '1', '1', NULL, NULL);
INSERT INTO BidsFor VALUES ('xiaohong@gmail.com', 'emma@gmail.com', 'choco', '2020-01-01 00:00:59', '2022-11-27', '2022-12-02', 140, 152, NULL, False, '1', '1', NULL, NULL);
INSERT INTO BidsFor VALUES ('becky@gmail.com', 'xiaoping@gmail.com', 'gizmo', '2020-01-01 00:01:00', '2022-08-17', '2022-08-20', 120, 140, NULL, False, '1', '1', NULL, NULL);
INSERT INTO BidsFor VALUES ('ian@gmail.com', 'emma@gmail.com', 'axa', '2020-01-01 00:01:01', '2021-02-17', '2021-02-18', 120, 129, NULL, False, '1', '1', NULL, NULL);
INSERT INTO BidsFor VALUES ('charlie@gmail.com', 'romeo@gmail.com', 'choco', '2020-01-01 00:01:02', '2022-05-29', '2022-05-29', 257, 274, NULL, False, '1', '1', NULL, NULL);
INSERT INTO BidsFor VALUES ('charlie@gmail.com', 'konstance@gmail.com', 'choco', '2020-01-01 00:01:03', '2022-12-23', '2022-12-26', 130, 150, NULL, False, '1', '1', NULL, NULL);
INSERT INTO BidsFor VALUES ('charlie@gmail.com', 'konstance@gmail.com', 'roger', '2020-01-01 00:01:04', '2021-07-11', '2021-07-12', 50, 52, NULL, False, '1', '1', NULL, NULL);
INSERT INTO BidsFor VALUES ('xiaodong@gmail.com', 'alice@gmail.com', 'buster', '2020-01-01 00:01:05', '2022-08-04', '2022-08-05', 72, 80, NULL, False, '1', '1', NULL, NULL);
INSERT INTO BidsFor VALUES ('dawson@gmail.com', 'bob@gmail.com', 'abby', '2020-01-01 00:01:06', '2021-05-26', '2021-05-26', 140, 159, NULL, False, '1', '1', NULL, NULL);
INSERT INTO BidsFor VALUES ('becky@gmail.com', 'gordon@gmail.com', 'gizmo', '2020-01-01 00:01:07', '2022-03-06', '2022-03-10', 229, 252, NULL, False, '1', '1', NULL, NULL);
INSERT INTO BidsFor VALUES ('hassan@gmail.com', 'dick@gmail.com', 'chippy', '2020-01-01 00:01:08', '2022-08-11', '2022-08-12', 64, 73, NULL, False, '1', '1', NULL, NULL);
INSERT INTO BidsFor VALUES ('hassan@gmail.com', 'dick@gmail.com', 'chippy', '2020-01-01 00:01:09', '2022-07-23', '2022-07-28', 64, 77, NULL, False, '1', '1', NULL, NULL);
INSERT INTO BidsFor VALUES ('dawson@gmail.com', 'xiaoping@gmail.com', 'sammy', '2020-01-01 00:01:10', '2022-05-08', '2022-05-09', 120, 149, NULL, False, '1', '1', NULL, NULL);
INSERT INTO BidsFor VALUES ('xiaoping@gmail.com', 'carrie@gmail.com', 'jacky', '2020-01-01 00:01:11', '2021-12-01', '2021-12-02', 130, 149, NULL, False, '1', '1', NULL, NULL);
INSERT INTO BidsFor VALUES ('xiaozong@gmail.com', 'connor@gmail.com', 'jerry', '2020-01-01 00:01:12', '2022-05-24', '2022-05-24', 50, 63, NULL, False, '1', '1', NULL, NULL);
INSERT INTO BidsFor VALUES ('xiaohong@gmail.com', 'caleb@gmail.com', 'choco', '2020-01-01 00:01:13', '2021-12-16', '2021-12-21', 140, 166, NULL, False, '1', '1', NULL, NULL);
INSERT INTO BidsFor VALUES ('dick@gmail.com', 'xiaoming@gmail.com', 'bandit', '2020-01-01 00:01:14', '2021-10-28', '2021-11-01', 60, 74, NULL, False, '1', '1', NULL, NULL);
INSERT INTO BidsFor VALUES ('arnold@gmail.com', 'xiaodong@gmail.com', 'roger', '2020-01-01 00:01:15', '2021-01-29', '2021-01-29', 217, 247, NULL, False, '1', '1', NULL, NULL);
INSERT INTO BidsFor VALUES ('becky@gmail.com', 'bob@gmail.com', 'gizmo', '2020-01-01 00:01:16', '2021-12-14', '2021-12-20', 120, 143, NULL, False, '1', '1', NULL, NULL);
INSERT INTO BidsFor VALUES ('rick@gmail.com', 'alex@gmail.com', 'roscoe', '2020-01-01 00:01:17', '2022-07-17', '2022-07-17', 90, 113, NULL, False, '1', '1', NULL, NULL);
INSERT INTO BidsFor VALUES ('xiaozong@gmail.com', 'xiaolong@gmail.com', 'jerry', '2020-01-01 00:01:18', '2022-02-15', '2022-02-20', 50, 64, NULL, False, '1', '1', NULL, NULL);
INSERT INTO BidsFor VALUES ('felix@gmail.com', 'carrie@gmail.com', 'fergie', '2020-01-01 00:01:19', '2022-10-16', '2022-10-19', 130, 155, NULL, False, '1', '1', NULL, NULL);
INSERT INTO BidsFor VALUES ('hassan@gmail.com', 'dick@gmail.com', 'chippy', '2020-01-01 00:01:20', '2021-04-12', '2021-04-12', 64, 81, NULL, False, '1', '1', NULL, NULL);
INSERT INTO BidsFor VALUES ('xiaohong@gmail.com', 'bob@gmail.com', 'choco', '2020-01-01 00:01:21', '2022-02-08', '2022-02-13', 140, 144, NULL, False, '1', '1', NULL, NULL);
INSERT INTO BidsFor VALUES ('charlie@gmail.com', 'romeo@gmail.com', 'choco', '2020-01-01 00:01:22', '2021-12-10', '2021-12-13', 257, 281, NULL, False, '1', '1', NULL, NULL);
INSERT INTO BidsFor VALUES ('dawson@gmail.com', 'alex@gmail.com', 'fergie', '2020-01-01 00:01:23', '2021-08-08', '2021-08-12', 120, 147, NULL, False, '1', '1', NULL, NULL);
INSERT INTO BidsFor VALUES ('caleb@gmail.com', 'romeo@gmail.com', 'choco', '2020-01-01 00:01:24', '2022-09-10', '2022-09-12', 30, 55, NULL, False, '1', '1', NULL, NULL);
INSERT INTO BidsFor VALUES ('dick@gmail.com', 'xiaoming@gmail.com', 'daisy', '2020-01-01 00:01:25', '2022-11-20', '2022-11-20', 90, 109, NULL, False, '1', '1', NULL, NULL);
INSERT INTO BidsFor VALUES ('becky@gmail.com', 'cassie@gmail.com', 'gizmo', '2020-01-01 00:01:26', '2022-04-29', '2022-05-05', 120, 146, NULL, False, '1', '1', NULL, NULL);
INSERT INTO BidsFor VALUES ('xiaoping@gmail.com', 'emma@gmail.com', 'fergie', '2020-01-01 00:01:27', '2022-08-19', '2022-08-19', 140, 151, NULL, False, '1', '1', NULL, NULL);
INSERT INTO BidsFor VALUES ('xiaoping@gmail.com', 'carrie@gmail.com', 'fergie', '2020-01-01 00:01:28', '2022-05-24', '2022-05-24', 140, 169, NULL, False, '1', '1', NULL, NULL);
INSERT INTO BidsFor VALUES ('ian@gmail.com', 'alice@gmail.com', 'boomer', '2020-01-01 00:01:29', '2021-02-13', '2021-02-14', 72, 102, NULL, False, '1', '1', NULL, NULL);
INSERT INTO BidsFor VALUES ('hassan@gmail.com', 'dick@gmail.com', 'gizmo', '2020-01-01 00:01:30', '2022-11-03', '2022-11-03', 64, 89, NULL, False, '1', '1', NULL, NULL);
INSERT INTO BidsFor VALUES ('dick@gmail.com', 'xiaobao@gmail.com', 'daisy', '2020-01-01 00:01:31', '2021-06-29', '2021-06-30', 171, 174, NULL, False, '1', '1', NULL, NULL);
INSERT INTO BidsFor VALUES ('ian@gmail.com', 'xiaoping@gmail.com', 'axa', '2020-01-01 00:01:32', '2022-01-14', '2022-01-17', 120, 123, NULL, False, '1', '1', NULL, NULL);
INSERT INTO BidsFor VALUES ('dawson@gmail.com', 'gordon@gmail.com', 'sammy', '2020-01-01 00:01:33', '2022-02-12', '2022-02-12', 229, 257, NULL, False, '1', '1', NULL, NULL);
INSERT INTO BidsFor VALUES ('jenny@gmail.com', 'connor@gmail.com', 'ginger', '2020-01-01 00:01:34', '2021-11-14', '2021-11-19', 90, 111, NULL, False, '1', '1', NULL, NULL);
INSERT INTO BidsFor VALUES ('caleb@gmail.com', 'konstance@gmail.com', 'charlie', '2020-01-01 00:01:35', '2022-11-17', '2022-11-23', 50, 78, NULL, False, '1', '1', NULL, NULL);
INSERT INTO BidsFor VALUES ('connor@gmail.com', 'xiaobao@gmail.com', 'roscoe', '2020-01-01 00:01:36', '2021-09-21', '2021-09-21', 171, 174, NULL, False, '1', '1', NULL, NULL);
INSERT INTO BidsFor VALUES ('felix@gmail.com', 'ronald@gmail.com', 'charlie', '2020-01-01 00:01:37', '2021-03-11', '2021-03-11', 80, 97, NULL, False, '1', '1', NULL, NULL);
INSERT INTO BidsFor VALUES ('arnold@gmail.com', 'xiaorong@gmail.com', 'rufus', '2020-01-01 00:01:38', '2022-09-15', '2022-09-21', 110, 128, NULL, False, '1', '1', NULL, NULL);
INSERT INTO BidsFor VALUES ('ronald@gmail.com', 'bob@gmail.com', 'jacky', '2020-01-01 00:01:39', '2021-11-26', '2021-11-29', 130, 132, NULL, False, '1', '1', NULL, NULL);

