INSERT INTO PetTypes(species, base_price) VALUES ('Dog', 50);
INSERT INTO PetTypes(species, base_price) VALUES ('Cat', 60);
INSERT INTO PetTypes(species, base_price) VALUES ('Hamster', 70);
INSERT INTO PetTypes(species, base_price) VALUES ('Mouse', 80);
INSERT INTO PetTypes(species, base_price) VALUES ('Bird', 90);
INSERT INTO PetTypes(species, base_price) VALUES ('Horse', 100);
INSERT INTO PetTypes(species, base_price) VALUES ('Turtle', 110);
INSERT INTO PetTypes(species, base_price) VALUES ('Snake', 120);
INSERT INTO PetTypes(species, base_price) VALUES ('Monkey', 130);
INSERT INTO PetTypes(species, base_price) VALUES ('Lion', 140);

INSERT INTO Users(name, email, description, password) VALUES ('alice', 'alice@gmail.com', 'A user of PCS', 'alicepw');
INSERT INTO PetOwners(email) VALUES ('alice@gmail.com');
INSERT INTO Pets(email, pet_name, special_requirements, description, species) VALUES ('alice@gmail.com', 'jake', 'jake needs love!', 'jake is a Dog', 'Dog');
INSERT INTO Pets(email, pet_name, special_requirements, description, species) VALUES ('alice@gmail.com', 'bandit', 'bandit needs love!', 'bandit is a Lion', 'Lion');

INSERT INTO Users(name, email, description, password) VALUES ('alex', 'alex@gmail.com', 'A user of PCS', 'alexpw');
INSERT INTO PetOwners(email) VALUES ('alex@gmail.com');
INSERT INTO Pets(email, pet_name, special_requirements, description, species) VALUES ('alex@gmail.com', 'freddie', 'freddie needs love!', 'freddie is a Mouse', 'Mouse');
INSERT INTO Pets(email, pet_name, special_requirements, description, species) VALUES ('alex@gmail.com', 'jake', 'jake needs love!', 'jake is a Hamster', 'Hamster');
INSERT INTO Pets(email, pet_name, special_requirements, description, species) VALUES ('alex@gmail.com', 'felix', 'felix needs love!', 'felix is a Cat', 'Cat');
INSERT INTO Caretakers(email, is_fulltime, rating) VALUES ('alex@gmail.com', False, 0);
INSERT INTO TakecarePrice(daily_price, email, species) VALUES (48, 'alex@gmail.com', 'Cat');
INSERT INTO TakecarePrice(daily_price, email, species) VALUES (33, 'alex@gmail.com', 'Bird');
INSERT INTO TakecarePrice(daily_price, email, species) VALUES (135, 'alex@gmail.com', 'Monkey');
INSERT INTO TakecarePrice(daily_price, email, species) VALUES (130, 'alex@gmail.com', 'Hamster');
INSERT INTO PartTimeAvail(email, work_date) VALUES ('alex@gmail.com', '2021-04-01');
INSERT INTO PartTimeAvail(email, work_date) VALUES ('alex@gmail.com', '2021-04-02');
INSERT INTO PartTimeAvail(email, work_date) VALUES ('alex@gmail.com', '2021-04-03');
INSERT INTO PartTimeAvail(email, work_date) VALUES ('alex@gmail.com', '2021-04-04');
INSERT INTO PartTimeAvail(email, work_date) VALUES ('alex@gmail.com', '2021-04-05');
INSERT INTO PartTimeAvail(email, work_date) VALUES ('alex@gmail.com', '2021-10-01');
INSERT INTO PartTimeAvail(email, work_date) VALUES ('alex@gmail.com', '2021-10-02');
INSERT INTO PartTimeAvail(email, work_date) VALUES ('alex@gmail.com', '2021-10-03');
INSERT INTO PartTimeAvail(email, work_date) VALUES ('alex@gmail.com', '2021-10-04');
INSERT INTO PartTimeAvail(email, work_date) VALUES ('alex@gmail.com', '2021-10-05');
INSERT INTO PartTimeAvail(email, work_date) VALUES ('alex@gmail.com', '2022-12-01');
INSERT INTO PartTimeAvail(email, work_date) VALUES ('alex@gmail.com', '2022-12-02');
INSERT INTO PartTimeAvail(email, work_date) VALUES ('alex@gmail.com', '2022-12-03');
INSERT INTO PartTimeAvail(email, work_date) VALUES ('alex@gmail.com', '2022-12-04');
INSERT INTO PartTimeAvail(email, work_date) VALUES ('alex@gmail.com', '2022-12-05');
INSERT INTO PartTimeAvail(email, work_date) VALUES ('alex@gmail.com', '2022-08-01');
INSERT INTO PartTimeAvail(email, work_date) VALUES ('alex@gmail.com', '2022-08-02');
INSERT INTO PartTimeAvail(email, work_date) VALUES ('alex@gmail.com', '2022-08-03');
INSERT INTO PartTimeAvail(email, work_date) VALUES ('alex@gmail.com', '2022-08-04');
INSERT INTO PartTimeAvail(email, work_date) VALUES ('alex@gmail.com', '2022-08-05');

INSERT INTO Users(name, email, description, password) VALUES ('arnold', 'arnold@gmail.com', 'A user of PCS', 'arnoldpw');
INSERT INTO Caretakers(email, is_fulltime, rating) VALUES ('arnold@gmail.com', False, 0);
INSERT INTO TakecarePrice(daily_price, email, species) VALUES (180, 'arnold@gmail.com', 'Bird');
INSERT INTO TakecarePrice(daily_price, email, species) VALUES (223, 'arnold@gmail.com', 'Monkey');
INSERT INTO TakecarePrice(daily_price, email, species) VALUES (173, 'arnold@gmail.com', 'Snake');
INSERT INTO TakecarePrice(daily_price, email, species) VALUES (98, 'arnold@gmail.com', 'Mouse');
INSERT INTO TakecarePrice(daily_price, email, species) VALUES (32, 'arnold@gmail.com', 'Dog');
INSERT INTO PartTimeAvail(email, work_date) VALUES ('arnold@gmail.com', '2021-08-01');
INSERT INTO PartTimeAvail(email, work_date) VALUES ('arnold@gmail.com', '2021-08-02');
INSERT INTO PartTimeAvail(email, work_date) VALUES ('arnold@gmail.com', '2021-08-03');
INSERT INTO PartTimeAvail(email, work_date) VALUES ('arnold@gmail.com', '2021-08-04');
INSERT INTO PartTimeAvail(email, work_date) VALUES ('arnold@gmail.com', '2021-08-05');
INSERT INTO PartTimeAvail(email, work_date) VALUES ('arnold@gmail.com', '2021-06-01');
INSERT INTO PartTimeAvail(email, work_date) VALUES ('arnold@gmail.com', '2021-06-02');
INSERT INTO PartTimeAvail(email, work_date) VALUES ('arnold@gmail.com', '2021-06-03');
INSERT INTO PartTimeAvail(email, work_date) VALUES ('arnold@gmail.com', '2021-06-04');
INSERT INTO PartTimeAvail(email, work_date) VALUES ('arnold@gmail.com', '2021-06-05');
INSERT INTO PartTimeAvail(email, work_date) VALUES ('arnold@gmail.com', '2022-05-01');
INSERT INTO PartTimeAvail(email, work_date) VALUES ('arnold@gmail.com', '2022-05-02');
INSERT INTO PartTimeAvail(email, work_date) VALUES ('arnold@gmail.com', '2022-05-03');
INSERT INTO PartTimeAvail(email, work_date) VALUES ('arnold@gmail.com', '2022-05-04');
INSERT INTO PartTimeAvail(email, work_date) VALUES ('arnold@gmail.com', '2022-05-05');
INSERT INTO PartTimeAvail(email, work_date) VALUES ('arnold@gmail.com', '2022-12-01');
INSERT INTO PartTimeAvail(email, work_date) VALUES ('arnold@gmail.com', '2022-12-02');
INSERT INTO PartTimeAvail(email, work_date) VALUES ('arnold@gmail.com', '2022-12-03');
INSERT INTO PartTimeAvail(email, work_date) VALUES ('arnold@gmail.com', '2022-12-04');
INSERT INTO PartTimeAvail(email, work_date) VALUES ('arnold@gmail.com', '2022-12-05');

INSERT INTO Users(name, email, description, password) VALUES ('bob', 'bob@gmail.com', 'A user of PCS', 'bobpw');
INSERT INTO Caretakers(email, is_fulltime, rating) VALUES ('bob@gmail.com', False, 0);
INSERT INTO TakecarePrice(daily_price, email, species) VALUES (165, 'bob@gmail.com', 'Monkey');
INSERT INTO TakecarePrice(daily_price, email, species) VALUES (224, 'bob@gmail.com', 'Snake');
INSERT INTO TakecarePrice(daily_price, email, species) VALUES (143, 'bob@gmail.com', 'Bird');
INSERT INTO PartTimeAvail(email, work_date) VALUES ('bob@gmail.com', '2021-11-01');
INSERT INTO PartTimeAvail(email, work_date) VALUES ('bob@gmail.com', '2021-11-02');
INSERT INTO PartTimeAvail(email, work_date) VALUES ('bob@gmail.com', '2021-11-03');
INSERT INTO PartTimeAvail(email, work_date) VALUES ('bob@gmail.com', '2021-11-04');
INSERT INTO PartTimeAvail(email, work_date) VALUES ('bob@gmail.com', '2021-11-05');
INSERT INTO PartTimeAvail(email, work_date) VALUES ('bob@gmail.com', '2021-06-01');
INSERT INTO PartTimeAvail(email, work_date) VALUES ('bob@gmail.com', '2021-06-02');
INSERT INTO PartTimeAvail(email, work_date) VALUES ('bob@gmail.com', '2021-06-03');
INSERT INTO PartTimeAvail(email, work_date) VALUES ('bob@gmail.com', '2021-06-04');
INSERT INTO PartTimeAvail(email, work_date) VALUES ('bob@gmail.com', '2021-06-05');
INSERT INTO PartTimeAvail(email, work_date) VALUES ('bob@gmail.com', '2022-02-01');
INSERT INTO PartTimeAvail(email, work_date) VALUES ('bob@gmail.com', '2022-02-02');
INSERT INTO PartTimeAvail(email, work_date) VALUES ('bob@gmail.com', '2022-02-03');
INSERT INTO PartTimeAvail(email, work_date) VALUES ('bob@gmail.com', '2022-02-04');
INSERT INTO PartTimeAvail(email, work_date) VALUES ('bob@gmail.com', '2022-02-05');
INSERT INTO PartTimeAvail(email, work_date) VALUES ('bob@gmail.com', '2022-08-01');
INSERT INTO PartTimeAvail(email, work_date) VALUES ('bob@gmail.com', '2022-08-02');
INSERT INTO PartTimeAvail(email, work_date) VALUES ('bob@gmail.com', '2022-08-03');
INSERT INTO PartTimeAvail(email, work_date) VALUES ('bob@gmail.com', '2022-08-04');
INSERT INTO PartTimeAvail(email, work_date) VALUES ('bob@gmail.com', '2022-08-05');

INSERT INTO Users(name, email, description, password) VALUES ('becky', 'becky@gmail.com', 'A user of PCS', 'beckypw');
INSERT INTO PetOwners(email) VALUES ('becky@gmail.com');
INSERT INTO Pets(email, pet_name, special_requirements, description, species) VALUES ('becky@gmail.com', 'roscoe', 'roscoe needs love!', 'roscoe is a Lion', 'Lion');
INSERT INTO Pets(email, pet_name, special_requirements, description, species) VALUES ('becky@gmail.com', 'bandit', 'bandit needs love!', 'bandit is a Horse', 'Horse');

INSERT INTO Users(name, email, description, password) VALUES ('beth', 'beth@gmail.com', 'A user of PCS', 'bethpw');
INSERT INTO PetOwners(email) VALUES ('beth@gmail.com');
INSERT INTO Pets(email, pet_name, special_requirements, description, species) VALUES ('beth@gmail.com', 'boomer', 'boomer needs love!', 'boomer is a Horse', 'Horse');
INSERT INTO Pets(email, pet_name, special_requirements, description, species) VALUES ('beth@gmail.com', 'jake', 'jake needs love!', 'jake is a Cat', 'Cat');
INSERT INTO Caretakers(email, is_fulltime, rating) VALUES ('beth@gmail.com', True, 0);
INSERT INTO TakecarePrice(daily_price, email, species) VALUES (90, 'beth@gmail.com', 'Bird');
INSERT INTO TakecarePrice(daily_price, email, species) VALUES (70, 'beth@gmail.com', 'Hamster');
INSERT INTO TakecarePrice(daily_price, email, species) VALUES (80, 'beth@gmail.com', 'Mouse');
INSERT INTO FullTimeLeave(email, leave_date) VALUES ('beth@gmail.com', '2021-12-01');
INSERT INTO FullTimeLeave(email, leave_date) VALUES ('beth@gmail.com', '2021-12-02');
INSERT INTO FullTimeLeave(email, leave_date) VALUES ('beth@gmail.com', '2021-12-03');
INSERT INTO FullTimeLeave(email, leave_date) VALUES ('beth@gmail.com', '2021-12-04');
INSERT INTO FullTimeLeave(email, leave_date) VALUES ('beth@gmail.com', '2021-12-05');
INSERT INTO FullTimeLeave(email, leave_date) VALUES ('beth@gmail.com', '2021-12-06');
INSERT INTO FullTimeLeave(email, leave_date) VALUES ('beth@gmail.com', '2021-12-07');
INSERT INTO FullTimeLeave(email, leave_date) VALUES ('beth@gmail.com', '2022-02-01');
INSERT INTO FullTimeLeave(email, leave_date) VALUES ('beth@gmail.com', '2022-02-02');
INSERT INTO FullTimeLeave(email, leave_date) VALUES ('beth@gmail.com', '2022-02-03');
INSERT INTO FullTimeLeave(email, leave_date) VALUES ('beth@gmail.com', '2022-02-04');
INSERT INTO FullTimeLeave(email, leave_date) VALUES ('beth@gmail.com', '2022-02-05');
INSERT INTO FullTimeLeave(email, leave_date) VALUES ('beth@gmail.com', '2022-02-06');
INSERT INTO FullTimeLeave(email, leave_date) VALUES ('beth@gmail.com', '2022-02-07');

INSERT INTO Users(name, email, description, password) VALUES ('connor', 'connor@gmail.com', 'A user of PCS', 'connorpw');
INSERT INTO Caretakers(email, is_fulltime, rating) VALUES ('connor@gmail.com', True, 0);
INSERT INTO TakecarePrice(daily_price, email, species) VALUES (110, 'connor@gmail.com', 'Turtle');
INSERT INTO TakecarePrice(daily_price, email, species) VALUES (120, 'connor@gmail.com', 'Snake');
INSERT INTO TakecarePrice(daily_price, email, species) VALUES (130, 'connor@gmail.com', 'Monkey');
INSERT INTO TakecarePrice(daily_price, email, species) VALUES (140, 'connor@gmail.com', 'Lion');
INSERT INTO TakecarePrice(daily_price, email, species) VALUES (70, 'connor@gmail.com', 'Hamster');
INSERT INTO FullTimeLeave(email, leave_date) VALUES ('connor@gmail.com', '2021-12-01');
INSERT INTO FullTimeLeave(email, leave_date) VALUES ('connor@gmail.com', '2021-12-02');
INSERT INTO FullTimeLeave(email, leave_date) VALUES ('connor@gmail.com', '2021-12-03');
INSERT INTO FullTimeLeave(email, leave_date) VALUES ('connor@gmail.com', '2021-12-04');
INSERT INTO FullTimeLeave(email, leave_date) VALUES ('connor@gmail.com', '2021-12-05');
INSERT INTO FullTimeLeave(email, leave_date) VALUES ('connor@gmail.com', '2021-12-06');
INSERT INTO FullTimeLeave(email, leave_date) VALUES ('connor@gmail.com', '2021-12-07');
INSERT INTO FullTimeLeave(email, leave_date) VALUES ('connor@gmail.com', '2022-11-01');
INSERT INTO FullTimeLeave(email, leave_date) VALUES ('connor@gmail.com', '2022-11-02');
INSERT INTO FullTimeLeave(email, leave_date) VALUES ('connor@gmail.com', '2022-11-03');
INSERT INTO FullTimeLeave(email, leave_date) VALUES ('connor@gmail.com', '2022-11-04');
INSERT INTO FullTimeLeave(email, leave_date) VALUES ('connor@gmail.com', '2022-11-05');
INSERT INTO FullTimeLeave(email, leave_date) VALUES ('connor@gmail.com', '2022-11-06');
INSERT INTO FullTimeLeave(email, leave_date) VALUES ('connor@gmail.com', '2022-11-07');

INSERT INTO Users(name, email, description, password) VALUES ('cassie', 'cassie@gmail.com', 'A user of PCS', 'cassiepw');
INSERT INTO Caretakers(email, is_fulltime, rating) VALUES ('cassie@gmail.com', True, 0);
INSERT INTO TakecarePrice(daily_price, email, species) VALUES (140, 'cassie@gmail.com', 'Lion');
INSERT INTO TakecarePrice(daily_price, email, species) VALUES (100, 'cassie@gmail.com', 'Horse');
INSERT INTO TakecarePrice(daily_price, email, species) VALUES (90, 'cassie@gmail.com', 'Bird');
INSERT INTO TakecarePrice(daily_price, email, species) VALUES (130, 'cassie@gmail.com', 'Monkey');
INSERT INTO FullTimeLeave(email, leave_date) VALUES ('cassie@gmail.com', '2021-06-01');
INSERT INTO FullTimeLeave(email, leave_date) VALUES ('cassie@gmail.com', '2021-06-02');
INSERT INTO FullTimeLeave(email, leave_date) VALUES ('cassie@gmail.com', '2021-06-03');
INSERT INTO FullTimeLeave(email, leave_date) VALUES ('cassie@gmail.com', '2021-06-04');
INSERT INTO FullTimeLeave(email, leave_date) VALUES ('cassie@gmail.com', '2021-06-05');
INSERT INTO FullTimeLeave(email, leave_date) VALUES ('cassie@gmail.com', '2021-06-06');
INSERT INTO FullTimeLeave(email, leave_date) VALUES ('cassie@gmail.com', '2021-06-07');
INSERT INTO FullTimeLeave(email, leave_date) VALUES ('cassie@gmail.com', '2022-06-01');
INSERT INTO FullTimeLeave(email, leave_date) VALUES ('cassie@gmail.com', '2022-06-02');
INSERT INTO FullTimeLeave(email, leave_date) VALUES ('cassie@gmail.com', '2022-06-03');
INSERT INTO FullTimeLeave(email, leave_date) VALUES ('cassie@gmail.com', '2022-06-04');
INSERT INTO FullTimeLeave(email, leave_date) VALUES ('cassie@gmail.com', '2022-06-05');
INSERT INTO FullTimeLeave(email, leave_date) VALUES ('cassie@gmail.com', '2022-06-06');
INSERT INTO FullTimeLeave(email, leave_date) VALUES ('cassie@gmail.com', '2022-06-07');

INSERT INTO Users(name, email, description, password) VALUES ('carrie', 'carrie@gmail.com', 'A user of PCS', 'carriepw');
INSERT INTO Caretakers(email, is_fulltime, rating) VALUES ('carrie@gmail.com', False, 0);
INSERT INTO TakecarePrice(daily_price, email, species) VALUES (153, 'carrie@gmail.com', 'Bird');
INSERT INTO TakecarePrice(daily_price, email, species) VALUES (157, 'carrie@gmail.com', 'Horse');
INSERT INTO TakecarePrice(daily_price, email, species) VALUES (103, 'carrie@gmail.com', 'Mouse');
INSERT INTO TakecarePrice(daily_price, email, species) VALUES (91, 'carrie@gmail.com', 'Dog');
INSERT INTO PartTimeAvail(email, work_date) VALUES ('carrie@gmail.com', '2021-06-01');
INSERT INTO PartTimeAvail(email, work_date) VALUES ('carrie@gmail.com', '2021-06-02');
INSERT INTO PartTimeAvail(email, work_date) VALUES ('carrie@gmail.com', '2021-06-03');
INSERT INTO PartTimeAvail(email, work_date) VALUES ('carrie@gmail.com', '2021-06-04');
INSERT INTO PartTimeAvail(email, work_date) VALUES ('carrie@gmail.com', '2021-06-05');
INSERT INTO PartTimeAvail(email, work_date) VALUES ('carrie@gmail.com', '2021-12-01');
INSERT INTO PartTimeAvail(email, work_date) VALUES ('carrie@gmail.com', '2021-12-02');
INSERT INTO PartTimeAvail(email, work_date) VALUES ('carrie@gmail.com', '2021-12-03');
INSERT INTO PartTimeAvail(email, work_date) VALUES ('carrie@gmail.com', '2021-12-04');
INSERT INTO PartTimeAvail(email, work_date) VALUES ('carrie@gmail.com', '2021-12-05');
INSERT INTO PartTimeAvail(email, work_date) VALUES ('carrie@gmail.com', '2022-08-01');
INSERT INTO PartTimeAvail(email, work_date) VALUES ('carrie@gmail.com', '2022-08-02');
INSERT INTO PartTimeAvail(email, work_date) VALUES ('carrie@gmail.com', '2022-08-03');
INSERT INTO PartTimeAvail(email, work_date) VALUES ('carrie@gmail.com', '2022-08-04');
INSERT INTO PartTimeAvail(email, work_date) VALUES ('carrie@gmail.com', '2022-08-05');
INSERT INTO PartTimeAvail(email, work_date) VALUES ('carrie@gmail.com', '2022-09-01');
INSERT INTO PartTimeAvail(email, work_date) VALUES ('carrie@gmail.com', '2022-09-02');
INSERT INTO PartTimeAvail(email, work_date) VALUES ('carrie@gmail.com', '2022-09-03');
INSERT INTO PartTimeAvail(email, work_date) VALUES ('carrie@gmail.com', '2022-09-04');
INSERT INTO PartTimeAvail(email, work_date) VALUES ('carrie@gmail.com', '2022-09-05');

INSERT INTO Users(name, email, description, password) VALUES ('caleb', 'caleb@gmail.com', 'A user of PCS', 'calebpw');
INSERT INTO Caretakers(email, is_fulltime, rating) VALUES ('caleb@gmail.com', False, 0);
INSERT INTO TakecarePrice(daily_price, email, species) VALUES (45, 'caleb@gmail.com', 'Monkey');
INSERT INTO TakecarePrice(daily_price, email, species) VALUES (60, 'caleb@gmail.com', 'Bird');
INSERT INTO TakecarePrice(daily_price, email, species) VALUES (66, 'caleb@gmail.com', 'Lion');
INSERT INTO PartTimeAvail(email, work_date) VALUES ('caleb@gmail.com', '2021-11-01');
INSERT INTO PartTimeAvail(email, work_date) VALUES ('caleb@gmail.com', '2021-11-02');
INSERT INTO PartTimeAvail(email, work_date) VALUES ('caleb@gmail.com', '2021-11-03');
INSERT INTO PartTimeAvail(email, work_date) VALUES ('caleb@gmail.com', '2021-11-04');
INSERT INTO PartTimeAvail(email, work_date) VALUES ('caleb@gmail.com', '2021-11-05');
INSERT INTO PartTimeAvail(email, work_date) VALUES ('caleb@gmail.com', '2021-12-01');
INSERT INTO PartTimeAvail(email, work_date) VALUES ('caleb@gmail.com', '2021-12-02');
INSERT INTO PartTimeAvail(email, work_date) VALUES ('caleb@gmail.com', '2021-12-03');
INSERT INTO PartTimeAvail(email, work_date) VALUES ('caleb@gmail.com', '2021-12-04');
INSERT INTO PartTimeAvail(email, work_date) VALUES ('caleb@gmail.com', '2021-12-05');
INSERT INTO PartTimeAvail(email, work_date) VALUES ('caleb@gmail.com', '2022-12-01');
INSERT INTO PartTimeAvail(email, work_date) VALUES ('caleb@gmail.com', '2022-12-02');
INSERT INTO PartTimeAvail(email, work_date) VALUES ('caleb@gmail.com', '2022-12-03');
INSERT INTO PartTimeAvail(email, work_date) VALUES ('caleb@gmail.com', '2022-12-04');
INSERT INTO PartTimeAvail(email, work_date) VALUES ('caleb@gmail.com', '2022-12-05');
INSERT INTO PartTimeAvail(email, work_date) VALUES ('caleb@gmail.com', '2022-09-01');
INSERT INTO PartTimeAvail(email, work_date) VALUES ('caleb@gmail.com', '2022-09-02');
INSERT INTO PartTimeAvail(email, work_date) VALUES ('caleb@gmail.com', '2022-09-03');
INSERT INTO PartTimeAvail(email, work_date) VALUES ('caleb@gmail.com', '2022-09-04');
INSERT INTO PartTimeAvail(email, work_date) VALUES ('caleb@gmail.com', '2022-09-05');

INSERT INTO Users(name, email, description, password) VALUES ('charlie', 'charlie@gmail.com', 'A user of PCS', 'charliepw');
INSERT INTO PetOwners(email) VALUES ('charlie@gmail.com');
INSERT INTO Pets(email, pet_name, special_requirements, description, species) VALUES ('charlie@gmail.com', 'abby', 'abby needs love!', 'abby is a Lion', 'Lion');
INSERT INTO Pets(email, pet_name, special_requirements, description, species) VALUES ('charlie@gmail.com', 'daisy', 'daisy needs love!', 'daisy is a Dog', 'Dog');
INSERT INTO Pets(email, pet_name, special_requirements, description, species) VALUES ('charlie@gmail.com', 'lucky', 'lucky needs love!', 'lucky is a Horse', 'Horse');
INSERT INTO Pets(email, pet_name, special_requirements, description, species) VALUES ('charlie@gmail.com', 'chippy', 'chippy needs love!', 'chippy is a Hamster', 'Hamster');

INSERT INTO Users(name, email, description, password) VALUES ('dick', 'dick@gmail.com', 'A user of PCS', 'dickpw');
INSERT INTO PetOwners(email) VALUES ('dick@gmail.com');
INSERT INTO Pets(email, pet_name, special_requirements, description, species) VALUES ('dick@gmail.com', 'jacky', 'jacky needs love!', 'jacky is a Cat', 'Cat');
INSERT INTO Pets(email, pet_name, special_requirements, description, species) VALUES ('dick@gmail.com', 'axa', 'axa needs love!', 'axa is a Bird', 'Bird');

INSERT INTO Users(name, email, description, password) VALUES ('dawson', 'dawson@gmail.com', 'A user of PCS', 'dawsonpw');
INSERT INTO Caretakers(email, is_fulltime, rating) VALUES ('dawson@gmail.com', False, 0);
INSERT INTO TakecarePrice(daily_price, email, species) VALUES (48, 'dawson@gmail.com', 'Dog');
INSERT INTO TakecarePrice(daily_price, email, species) VALUES (133, 'dawson@gmail.com', 'Bird');
INSERT INTO TakecarePrice(daily_price, email, species) VALUES (260, 'dawson@gmail.com', 'Monkey');
INSERT INTO TakecarePrice(daily_price, email, species) VALUES (43, 'dawson@gmail.com', 'Snake');
INSERT INTO PartTimeAvail(email, work_date) VALUES ('dawson@gmail.com', '2021-06-01');
INSERT INTO PartTimeAvail(email, work_date) VALUES ('dawson@gmail.com', '2021-06-02');
INSERT INTO PartTimeAvail(email, work_date) VALUES ('dawson@gmail.com', '2021-06-03');
INSERT INTO PartTimeAvail(email, work_date) VALUES ('dawson@gmail.com', '2021-06-04');
INSERT INTO PartTimeAvail(email, work_date) VALUES ('dawson@gmail.com', '2021-06-05');
INSERT INTO PartTimeAvail(email, work_date) VALUES ('dawson@gmail.com', '2021-09-01');
INSERT INTO PartTimeAvail(email, work_date) VALUES ('dawson@gmail.com', '2021-09-02');
INSERT INTO PartTimeAvail(email, work_date) VALUES ('dawson@gmail.com', '2021-09-03');
INSERT INTO PartTimeAvail(email, work_date) VALUES ('dawson@gmail.com', '2021-09-04');
INSERT INTO PartTimeAvail(email, work_date) VALUES ('dawson@gmail.com', '2021-09-05');
INSERT INTO PartTimeAvail(email, work_date) VALUES ('dawson@gmail.com', '2022-12-01');
INSERT INTO PartTimeAvail(email, work_date) VALUES ('dawson@gmail.com', '2022-12-02');
INSERT INTO PartTimeAvail(email, work_date) VALUES ('dawson@gmail.com', '2022-12-03');
INSERT INTO PartTimeAvail(email, work_date) VALUES ('dawson@gmail.com', '2022-12-04');
INSERT INTO PartTimeAvail(email, work_date) VALUES ('dawson@gmail.com', '2022-12-05');
INSERT INTO PartTimeAvail(email, work_date) VALUES ('dawson@gmail.com', '2022-08-01');
INSERT INTO PartTimeAvail(email, work_date) VALUES ('dawson@gmail.com', '2022-08-02');
INSERT INTO PartTimeAvail(email, work_date) VALUES ('dawson@gmail.com', '2022-08-03');
INSERT INTO PartTimeAvail(email, work_date) VALUES ('dawson@gmail.com', '2022-08-04');
INSERT INTO PartTimeAvail(email, work_date) VALUES ('dawson@gmail.com', '2022-08-05');

INSERT INTO Users(name, email, description, password) VALUES ('emma', 'emma@gmail.com', 'A user of PCS', 'emmapw');
INSERT INTO PetOwners(email) VALUES ('emma@gmail.com');
INSERT INTO Pets(email, pet_name, special_requirements, description, species) VALUES ('emma@gmail.com', 'sammy', 'sammy needs love!', 'sammy is a Monkey', 'Monkey');
INSERT INTO Caretakers(email, is_fulltime, rating) VALUES ('emma@gmail.com', False, 0);
INSERT INTO TakecarePrice(daily_price, email, species) VALUES (164, 'emma@gmail.com', 'Monkey');
INSERT INTO TakecarePrice(daily_price, email, species) VALUES (45, 'emma@gmail.com', 'Cat');
INSERT INTO TakecarePrice(daily_price, email, species) VALUES (76, 'emma@gmail.com', 'Snake');
INSERT INTO PartTimeAvail(email, work_date) VALUES ('emma@gmail.com', '2021-09-01');
INSERT INTO PartTimeAvail(email, work_date) VALUES ('emma@gmail.com', '2021-09-02');
INSERT INTO PartTimeAvail(email, work_date) VALUES ('emma@gmail.com', '2021-09-03');
INSERT INTO PartTimeAvail(email, work_date) VALUES ('emma@gmail.com', '2021-09-04');
INSERT INTO PartTimeAvail(email, work_date) VALUES ('emma@gmail.com', '2021-09-05');
INSERT INTO PartTimeAvail(email, work_date) VALUES ('emma@gmail.com', '2021-11-01');
INSERT INTO PartTimeAvail(email, work_date) VALUES ('emma@gmail.com', '2021-11-02');
INSERT INTO PartTimeAvail(email, work_date) VALUES ('emma@gmail.com', '2021-11-03');
INSERT INTO PartTimeAvail(email, work_date) VALUES ('emma@gmail.com', '2021-11-04');
INSERT INTO PartTimeAvail(email, work_date) VALUES ('emma@gmail.com', '2021-11-05');
INSERT INTO PartTimeAvail(email, work_date) VALUES ('emma@gmail.com', '2022-06-01');
INSERT INTO PartTimeAvail(email, work_date) VALUES ('emma@gmail.com', '2022-06-02');
INSERT INTO PartTimeAvail(email, work_date) VALUES ('emma@gmail.com', '2022-06-03');
INSERT INTO PartTimeAvail(email, work_date) VALUES ('emma@gmail.com', '2022-06-04');
INSERT INTO PartTimeAvail(email, work_date) VALUES ('emma@gmail.com', '2022-06-05');
INSERT INTO PartTimeAvail(email, work_date) VALUES ('emma@gmail.com', '2022-02-01');
INSERT INTO PartTimeAvail(email, work_date) VALUES ('emma@gmail.com', '2022-02-02');
INSERT INTO PartTimeAvail(email, work_date) VALUES ('emma@gmail.com', '2022-02-03');
INSERT INTO PartTimeAvail(email, work_date) VALUES ('emma@gmail.com', '2022-02-04');
INSERT INTO PartTimeAvail(email, work_date) VALUES ('emma@gmail.com', '2022-02-05');

INSERT INTO Users(name, email, description, password) VALUES ('felix', 'felix@gmail.com', 'A user of PCS', 'felixpw');
INSERT INTO PetOwners(email) VALUES ('felix@gmail.com');
INSERT INTO Pets(email, pet_name, special_requirements, description, species) VALUES ('felix@gmail.com', 'digger', 'digger needs love!', 'digger is a Cat', 'Cat');
INSERT INTO Caretakers(email, is_fulltime, rating) VALUES ('felix@gmail.com', False, 0);
INSERT INTO TakecarePrice(daily_price, email, species) VALUES (68, 'felix@gmail.com', 'Horse');
INSERT INTO TakecarePrice(daily_price, email, species) VALUES (90, 'felix@gmail.com', 'Turtle');
INSERT INTO PartTimeAvail(email, work_date) VALUES ('felix@gmail.com', '2021-06-01');
INSERT INTO PartTimeAvail(email, work_date) VALUES ('felix@gmail.com', '2021-06-02');
INSERT INTO PartTimeAvail(email, work_date) VALUES ('felix@gmail.com', '2021-06-03');
INSERT INTO PartTimeAvail(email, work_date) VALUES ('felix@gmail.com', '2021-06-04');
INSERT INTO PartTimeAvail(email, work_date) VALUES ('felix@gmail.com', '2021-06-05');
INSERT INTO PartTimeAvail(email, work_date) VALUES ('felix@gmail.com', '2021-09-01');
INSERT INTO PartTimeAvail(email, work_date) VALUES ('felix@gmail.com', '2021-09-02');
INSERT INTO PartTimeAvail(email, work_date) VALUES ('felix@gmail.com', '2021-09-03');
INSERT INTO PartTimeAvail(email, work_date) VALUES ('felix@gmail.com', '2021-09-04');
INSERT INTO PartTimeAvail(email, work_date) VALUES ('felix@gmail.com', '2021-09-05');
INSERT INTO PartTimeAvail(email, work_date) VALUES ('felix@gmail.com', '2022-02-01');
INSERT INTO PartTimeAvail(email, work_date) VALUES ('felix@gmail.com', '2022-02-02');
INSERT INTO PartTimeAvail(email, work_date) VALUES ('felix@gmail.com', '2022-02-03');
INSERT INTO PartTimeAvail(email, work_date) VALUES ('felix@gmail.com', '2022-02-04');
INSERT INTO PartTimeAvail(email, work_date) VALUES ('felix@gmail.com', '2022-02-05');
INSERT INTO PartTimeAvail(email, work_date) VALUES ('felix@gmail.com', '2022-04-01');
INSERT INTO PartTimeAvail(email, work_date) VALUES ('felix@gmail.com', '2022-04-02');
INSERT INTO PartTimeAvail(email, work_date) VALUES ('felix@gmail.com', '2022-04-03');
INSERT INTO PartTimeAvail(email, work_date) VALUES ('felix@gmail.com', '2022-04-04');
INSERT INTO PartTimeAvail(email, work_date) VALUES ('felix@gmail.com', '2022-04-05');

INSERT INTO Users(name, email, description, password) VALUES ('gordon', 'gordon@gmail.com', 'A user of PCS', 'gordonpw');
INSERT INTO PetOwners(email) VALUES ('gordon@gmail.com');
INSERT INTO Pets(email, pet_name, special_requirements, description, species) VALUES ('gordon@gmail.com', 'axa', 'axa needs love!', 'axa is a Mouse', 'Mouse');
INSERT INTO Pets(email, pet_name, special_requirements, description, species) VALUES ('gordon@gmail.com', 'ginger', 'ginger needs love!', 'ginger is a Snake', 'Snake');
INSERT INTO Caretakers(email, is_fulltime, rating) VALUES ('gordon@gmail.com', False, 0);
INSERT INTO TakecarePrice(daily_price, email, species) VALUES (52, 'gordon@gmail.com', 'Snake');
INSERT INTO TakecarePrice(daily_price, email, species) VALUES (93, 'gordon@gmail.com', 'Hamster');
INSERT INTO TakecarePrice(daily_price, email, species) VALUES (71, 'gordon@gmail.com', 'Mouse');
INSERT INTO TakecarePrice(daily_price, email, species) VALUES (230, 'gordon@gmail.com', 'Lion');
INSERT INTO PartTimeAvail(email, work_date) VALUES ('gordon@gmail.com', '2021-04-01');
INSERT INTO PartTimeAvail(email, work_date) VALUES ('gordon@gmail.com', '2021-04-02');
INSERT INTO PartTimeAvail(email, work_date) VALUES ('gordon@gmail.com', '2021-04-03');
INSERT INTO PartTimeAvail(email, work_date) VALUES ('gordon@gmail.com', '2021-04-04');
INSERT INTO PartTimeAvail(email, work_date) VALUES ('gordon@gmail.com', '2021-04-05');
INSERT INTO PartTimeAvail(email, work_date) VALUES ('gordon@gmail.com', '2021-09-01');
INSERT INTO PartTimeAvail(email, work_date) VALUES ('gordon@gmail.com', '2021-09-02');
INSERT INTO PartTimeAvail(email, work_date) VALUES ('gordon@gmail.com', '2021-09-03');
INSERT INTO PartTimeAvail(email, work_date) VALUES ('gordon@gmail.com', '2021-09-04');
INSERT INTO PartTimeAvail(email, work_date) VALUES ('gordon@gmail.com', '2021-09-05');
INSERT INTO PartTimeAvail(email, work_date) VALUES ('gordon@gmail.com', '2022-05-01');
INSERT INTO PartTimeAvail(email, work_date) VALUES ('gordon@gmail.com', '2022-05-02');
INSERT INTO PartTimeAvail(email, work_date) VALUES ('gordon@gmail.com', '2022-05-03');
INSERT INTO PartTimeAvail(email, work_date) VALUES ('gordon@gmail.com', '2022-05-04');
INSERT INTO PartTimeAvail(email, work_date) VALUES ('gordon@gmail.com', '2022-05-05');
INSERT INTO PartTimeAvail(email, work_date) VALUES ('gordon@gmail.com', '2022-03-01');
INSERT INTO PartTimeAvail(email, work_date) VALUES ('gordon@gmail.com', '2022-03-02');
INSERT INTO PartTimeAvail(email, work_date) VALUES ('gordon@gmail.com', '2022-03-03');
INSERT INTO PartTimeAvail(email, work_date) VALUES ('gordon@gmail.com', '2022-03-04');
INSERT INTO PartTimeAvail(email, work_date) VALUES ('gordon@gmail.com', '2022-03-05');

INSERT INTO Users(name, email, description, password) VALUES ('hassan', 'hassan@gmail.com', 'A user of PCS', 'hassanpw');
INSERT INTO Caretakers(email, is_fulltime, rating) VALUES ('hassan@gmail.com', False, 0);
INSERT INTO TakecarePrice(daily_price, email, species) VALUES (35, 'hassan@gmail.com', 'Mouse');
INSERT INTO TakecarePrice(daily_price, email, species) VALUES (223, 'hassan@gmail.com', 'Lion');
INSERT INTO TakecarePrice(daily_price, email, species) VALUES (126, 'hassan@gmail.com', 'Horse');
INSERT INTO TakecarePrice(daily_price, email, species) VALUES (68, 'hassan@gmail.com', 'Hamster');
INSERT INTO TakecarePrice(daily_price, email, species) VALUES (218, 'hassan@gmail.com', 'Turtle');
INSERT INTO PartTimeAvail(email, work_date) VALUES ('hassan@gmail.com', '2021-11-01');
INSERT INTO PartTimeAvail(email, work_date) VALUES ('hassan@gmail.com', '2021-11-02');
INSERT INTO PartTimeAvail(email, work_date) VALUES ('hassan@gmail.com', '2021-11-03');
INSERT INTO PartTimeAvail(email, work_date) VALUES ('hassan@gmail.com', '2021-11-04');
INSERT INTO PartTimeAvail(email, work_date) VALUES ('hassan@gmail.com', '2021-11-05');
INSERT INTO PartTimeAvail(email, work_date) VALUES ('hassan@gmail.com', '2021-02-01');
INSERT INTO PartTimeAvail(email, work_date) VALUES ('hassan@gmail.com', '2021-02-02');
INSERT INTO PartTimeAvail(email, work_date) VALUES ('hassan@gmail.com', '2021-02-03');
INSERT INTO PartTimeAvail(email, work_date) VALUES ('hassan@gmail.com', '2021-02-04');
INSERT INTO PartTimeAvail(email, work_date) VALUES ('hassan@gmail.com', '2021-02-05');
INSERT INTO PartTimeAvail(email, work_date) VALUES ('hassan@gmail.com', '2022-01-01');
INSERT INTO PartTimeAvail(email, work_date) VALUES ('hassan@gmail.com', '2022-01-02');
INSERT INTO PartTimeAvail(email, work_date) VALUES ('hassan@gmail.com', '2022-01-03');
INSERT INTO PartTimeAvail(email, work_date) VALUES ('hassan@gmail.com', '2022-01-04');
INSERT INTO PartTimeAvail(email, work_date) VALUES ('hassan@gmail.com', '2022-01-05');
INSERT INTO PartTimeAvail(email, work_date) VALUES ('hassan@gmail.com', '2022-10-01');
INSERT INTO PartTimeAvail(email, work_date) VALUES ('hassan@gmail.com', '2022-10-02');
INSERT INTO PartTimeAvail(email, work_date) VALUES ('hassan@gmail.com', '2022-10-03');
INSERT INTO PartTimeAvail(email, work_date) VALUES ('hassan@gmail.com', '2022-10-04');
INSERT INTO PartTimeAvail(email, work_date) VALUES ('hassan@gmail.com', '2022-10-05');

INSERT INTO Users(name, email, description, password) VALUES ('ian', 'ian@gmail.com', 'A user of PCS', 'ianpw');
INSERT INTO PetOwners(email) VALUES ('ian@gmail.com');
INSERT INTO Pets(email, pet_name, special_requirements, description, species) VALUES ('ian@gmail.com', 'roscoe', 'roscoe needs love!', 'roscoe is a Lion', 'Lion');
INSERT INTO Caretakers(email, is_fulltime, rating) VALUES ('ian@gmail.com', False, 0);
INSERT INTO TakecarePrice(daily_price, email, species) VALUES (148, 'ian@gmail.com', 'Bird');
INSERT INTO TakecarePrice(daily_price, email, species) VALUES (48, 'ian@gmail.com', 'Cat');
INSERT INTO TakecarePrice(daily_price, email, species) VALUES (40, 'ian@gmail.com', 'Snake');
INSERT INTO TakecarePrice(daily_price, email, species) VALUES (188, 'ian@gmail.com', 'Turtle');
INSERT INTO TakecarePrice(daily_price, email, species) VALUES (85, 'ian@gmail.com', 'Monkey');
INSERT INTO PartTimeAvail(email, work_date) VALUES ('ian@gmail.com', '2021-03-01');
INSERT INTO PartTimeAvail(email, work_date) VALUES ('ian@gmail.com', '2021-03-02');
INSERT INTO PartTimeAvail(email, work_date) VALUES ('ian@gmail.com', '2021-03-03');
INSERT INTO PartTimeAvail(email, work_date) VALUES ('ian@gmail.com', '2021-03-04');
INSERT INTO PartTimeAvail(email, work_date) VALUES ('ian@gmail.com', '2021-03-05');
INSERT INTO PartTimeAvail(email, work_date) VALUES ('ian@gmail.com', '2021-05-01');
INSERT INTO PartTimeAvail(email, work_date) VALUES ('ian@gmail.com', '2021-05-02');
INSERT INTO PartTimeAvail(email, work_date) VALUES ('ian@gmail.com', '2021-05-03');
INSERT INTO PartTimeAvail(email, work_date) VALUES ('ian@gmail.com', '2021-05-04');
INSERT INTO PartTimeAvail(email, work_date) VALUES ('ian@gmail.com', '2021-05-05');
INSERT INTO PartTimeAvail(email, work_date) VALUES ('ian@gmail.com', '2022-11-01');
INSERT INTO PartTimeAvail(email, work_date) VALUES ('ian@gmail.com', '2022-11-02');
INSERT INTO PartTimeAvail(email, work_date) VALUES ('ian@gmail.com', '2022-11-03');
INSERT INTO PartTimeAvail(email, work_date) VALUES ('ian@gmail.com', '2022-11-04');
INSERT INTO PartTimeAvail(email, work_date) VALUES ('ian@gmail.com', '2022-11-05');
INSERT INTO PartTimeAvail(email, work_date) VALUES ('ian@gmail.com', '2022-02-01');
INSERT INTO PartTimeAvail(email, work_date) VALUES ('ian@gmail.com', '2022-02-02');
INSERT INTO PartTimeAvail(email, work_date) VALUES ('ian@gmail.com', '2022-02-03');
INSERT INTO PartTimeAvail(email, work_date) VALUES ('ian@gmail.com', '2022-02-04');
INSERT INTO PartTimeAvail(email, work_date) VALUES ('ian@gmail.com', '2022-02-05');

INSERT INTO Users(name, email, description, password) VALUES ('jenny', 'jenny@gmail.com', 'A user of PCS', 'jennypw');
INSERT INTO PetOwners(email) VALUES ('jenny@gmail.com');
INSERT INTO Pets(email, pet_name, special_requirements, description, species) VALUES ('jenny@gmail.com', 'gus', 'gus needs love!', 'gus is a Bird', 'Bird');
INSERT INTO Pets(email, pet_name, special_requirements, description, species) VALUES ('jenny@gmail.com', 'biscuit', 'biscuit needs love!', 'biscuit is a Lion', 'Lion');
INSERT INTO Pets(email, pet_name, special_requirements, description, species) VALUES ('jenny@gmail.com', 'chewie', 'chewie needs love!', 'chewie is a Snake', 'Snake');
INSERT INTO Pets(email, pet_name, special_requirements, description, species) VALUES ('jenny@gmail.com', 'maddie', 'maddie needs love!', 'maddie is a Hamster', 'Hamster');
INSERT INTO Pets(email, pet_name, special_requirements, description, species) VALUES ('jenny@gmail.com', 'ginger', 'ginger needs love!', 'ginger is a Turtle', 'Turtle');

INSERT INTO Users(name, email, description, password) VALUES ('konstance', 'konstance@gmail.com', 'A user of PCS', 'konstancepw');
INSERT INTO PetOwners(email) VALUES ('konstance@gmail.com');
INSERT INTO Pets(email, pet_name, special_requirements, description, species) VALUES ('konstance@gmail.com', 'roger', 'roger needs love!', 'roger is a Dog', 'Dog');
INSERT INTO Pets(email, pet_name, special_requirements, description, species) VALUES ('konstance@gmail.com', 'biscuit', 'biscuit needs love!', 'biscuit is a Mouse', 'Mouse');
INSERT INTO Pets(email, pet_name, special_requirements, description, species) VALUES ('konstance@gmail.com', 'chad', 'chad needs love!', 'chad is a Dog', 'Dog');
INSERT INTO Pets(email, pet_name, special_requirements, description, species) VALUES ('konstance@gmail.com', 'rufus', 'rufus needs love!', 'rufus is a Dog', 'Dog');

INSERT INTO Users(name, email, description, password) VALUES ('rupert', 'rupert@gmail.com', 'A user of PCS', 'rupertpw');
INSERT INTO PetOwners(email) VALUES ('rupert@gmail.com');
INSERT INTO Pets(email, pet_name, special_requirements, description, species) VALUES ('rupert@gmail.com', 'chad', 'chad needs love!', 'chad is a Turtle', 'Turtle');
INSERT INTO Caretakers(email, is_fulltime, rating) VALUES ('rupert@gmail.com', True, 0);
INSERT INTO TakecarePrice(daily_price, email, species) VALUES (100, 'rupert@gmail.com', 'Horse');
INSERT INTO TakecarePrice(daily_price, email, species) VALUES (110, 'rupert@gmail.com', 'Turtle');
INSERT INTO TakecarePrice(daily_price, email, species) VALUES (60, 'rupert@gmail.com', 'Cat');
INSERT INTO FullTimeLeave(email, leave_date) VALUES ('rupert@gmail.com', '2021-01-01');
INSERT INTO FullTimeLeave(email, leave_date) VALUES ('rupert@gmail.com', '2021-01-02');
INSERT INTO FullTimeLeave(email, leave_date) VALUES ('rupert@gmail.com', '2021-01-03');
INSERT INTO FullTimeLeave(email, leave_date) VALUES ('rupert@gmail.com', '2021-01-04');
INSERT INTO FullTimeLeave(email, leave_date) VALUES ('rupert@gmail.com', '2021-01-05');
INSERT INTO FullTimeLeave(email, leave_date) VALUES ('rupert@gmail.com', '2021-01-06');
INSERT INTO FullTimeLeave(email, leave_date) VALUES ('rupert@gmail.com', '2021-01-07');
INSERT INTO FullTimeLeave(email, leave_date) VALUES ('rupert@gmail.com', '2022-06-01');
INSERT INTO FullTimeLeave(email, leave_date) VALUES ('rupert@gmail.com', '2022-06-02');
INSERT INTO FullTimeLeave(email, leave_date) VALUES ('rupert@gmail.com', '2022-06-03');
INSERT INTO FullTimeLeave(email, leave_date) VALUES ('rupert@gmail.com', '2022-06-04');
INSERT INTO FullTimeLeave(email, leave_date) VALUES ('rupert@gmail.com', '2022-06-05');
INSERT INTO FullTimeLeave(email, leave_date) VALUES ('rupert@gmail.com', '2022-06-06');
INSERT INTO FullTimeLeave(email, leave_date) VALUES ('rupert@gmail.com', '2022-06-07');

INSERT INTO Users(name, email, description, password) VALUES ('ronald', 'ronald@gmail.com', 'A user of PCS', 'ronaldpw');
INSERT INTO Caretakers(email, is_fulltime, rating) VALUES ('ronald@gmail.com', True, 0);
INSERT INTO TakecarePrice(daily_price, email, species) VALUES (140, 'ronald@gmail.com', 'Lion');
INSERT INTO TakecarePrice(daily_price, email, species) VALUES (90, 'ronald@gmail.com', 'Bird');
INSERT INTO TakecarePrice(daily_price, email, species) VALUES (80, 'ronald@gmail.com', 'Mouse');
INSERT INTO FullTimeLeave(email, leave_date) VALUES ('ronald@gmail.com', '2021-11-01');
INSERT INTO FullTimeLeave(email, leave_date) VALUES ('ronald@gmail.com', '2021-11-02');
INSERT INTO FullTimeLeave(email, leave_date) VALUES ('ronald@gmail.com', '2021-11-03');
INSERT INTO FullTimeLeave(email, leave_date) VALUES ('ronald@gmail.com', '2021-11-04');
INSERT INTO FullTimeLeave(email, leave_date) VALUES ('ronald@gmail.com', '2021-11-05');
INSERT INTO FullTimeLeave(email, leave_date) VALUES ('ronald@gmail.com', '2021-11-06');
INSERT INTO FullTimeLeave(email, leave_date) VALUES ('ronald@gmail.com', '2021-11-07');
INSERT INTO FullTimeLeave(email, leave_date) VALUES ('ronald@gmail.com', '2022-01-01');
INSERT INTO FullTimeLeave(email, leave_date) VALUES ('ronald@gmail.com', '2022-01-02');
INSERT INTO FullTimeLeave(email, leave_date) VALUES ('ronald@gmail.com', '2022-01-03');
INSERT INTO FullTimeLeave(email, leave_date) VALUES ('ronald@gmail.com', '2022-01-04');
INSERT INTO FullTimeLeave(email, leave_date) VALUES ('ronald@gmail.com', '2022-01-05');
INSERT INTO FullTimeLeave(email, leave_date) VALUES ('ronald@gmail.com', '2022-01-06');
INSERT INTO FullTimeLeave(email, leave_date) VALUES ('ronald@gmail.com', '2022-01-07');

INSERT INTO Users(name, email, description, password) VALUES ('romeo', 'romeo@gmail.com', 'A user of PCS', 'romeopw');
INSERT INTO PetOwners(email) VALUES ('romeo@gmail.com');
INSERT INTO Pets(email, pet_name, special_requirements, description, species) VALUES ('romeo@gmail.com', 'chewie', 'chewie needs love!', 'chewie is a Snake', 'Snake');
INSERT INTO Pets(email, pet_name, special_requirements, description, species) VALUES ('romeo@gmail.com', 'felix', 'felix needs love!', 'felix is a Dog', 'Dog');
INSERT INTO Pets(email, pet_name, special_requirements, description, species) VALUES ('romeo@gmail.com', 'jacky', 'jacky needs love!', 'jacky is a Lion', 'Lion');
INSERT INTO Caretakers(email, is_fulltime, rating) VALUES ('romeo@gmail.com', True, 0);
INSERT INTO TakecarePrice(daily_price, email, species) VALUES (100, 'romeo@gmail.com', 'Horse');
INSERT INTO TakecarePrice(daily_price, email, species) VALUES (110, 'romeo@gmail.com', 'Turtle');
INSERT INTO TakecarePrice(daily_price, email, species) VALUES (140, 'romeo@gmail.com', 'Lion');
INSERT INTO TakecarePrice(daily_price, email, species) VALUES (90, 'romeo@gmail.com', 'Bird');
INSERT INTO FullTimeLeave(email, leave_date) VALUES ('romeo@gmail.com', '2021-11-01');
INSERT INTO FullTimeLeave(email, leave_date) VALUES ('romeo@gmail.com', '2021-11-02');
INSERT INTO FullTimeLeave(email, leave_date) VALUES ('romeo@gmail.com', '2021-11-03');
INSERT INTO FullTimeLeave(email, leave_date) VALUES ('romeo@gmail.com', '2021-11-04');
INSERT INTO FullTimeLeave(email, leave_date) VALUES ('romeo@gmail.com', '2021-11-05');
INSERT INTO FullTimeLeave(email, leave_date) VALUES ('romeo@gmail.com', '2021-11-06');
INSERT INTO FullTimeLeave(email, leave_date) VALUES ('romeo@gmail.com', '2021-11-07');
INSERT INTO FullTimeLeave(email, leave_date) VALUES ('romeo@gmail.com', '2022-01-01');
INSERT INTO FullTimeLeave(email, leave_date) VALUES ('romeo@gmail.com', '2022-01-02');
INSERT INTO FullTimeLeave(email, leave_date) VALUES ('romeo@gmail.com', '2022-01-03');
INSERT INTO FullTimeLeave(email, leave_date) VALUES ('romeo@gmail.com', '2022-01-04');
INSERT INTO FullTimeLeave(email, leave_date) VALUES ('romeo@gmail.com', '2022-01-05');
INSERT INTO FullTimeLeave(email, leave_date) VALUES ('romeo@gmail.com', '2022-01-06');
INSERT INTO FullTimeLeave(email, leave_date) VALUES ('romeo@gmail.com', '2022-01-07');

INSERT INTO Users(name, email, description, password) VALUES ('rick', 'rick@gmail.com', 'A user of PCS', 'rickpw');
INSERT INTO Caretakers(email, is_fulltime, rating) VALUES ('rick@gmail.com', True, 0);
INSERT INTO TakecarePrice(daily_price, email, species) VALUES (140, 'rick@gmail.com', 'Lion');
INSERT INTO TakecarePrice(daily_price, email, species) VALUES (110, 'rick@gmail.com', 'Turtle');
INSERT INTO TakecarePrice(daily_price, email, species) VALUES (60, 'rick@gmail.com', 'Cat');
INSERT INTO TakecarePrice(daily_price, email, species) VALUES (120, 'rick@gmail.com', 'Snake');
INSERT INTO TakecarePrice(daily_price, email, species) VALUES (130, 'rick@gmail.com', 'Monkey');
INSERT INTO FullTimeLeave(email, leave_date) VALUES ('rick@gmail.com', '2021-07-01');
INSERT INTO FullTimeLeave(email, leave_date) VALUES ('rick@gmail.com', '2021-07-02');
INSERT INTO FullTimeLeave(email, leave_date) VALUES ('rick@gmail.com', '2021-07-03');
INSERT INTO FullTimeLeave(email, leave_date) VALUES ('rick@gmail.com', '2021-07-04');
INSERT INTO FullTimeLeave(email, leave_date) VALUES ('rick@gmail.com', '2021-07-05');
INSERT INTO FullTimeLeave(email, leave_date) VALUES ('rick@gmail.com', '2021-07-06');
INSERT INTO FullTimeLeave(email, leave_date) VALUES ('rick@gmail.com', '2021-07-07');
INSERT INTO FullTimeLeave(email, leave_date) VALUES ('rick@gmail.com', '2022-06-01');
INSERT INTO FullTimeLeave(email, leave_date) VALUES ('rick@gmail.com', '2022-06-02');
INSERT INTO FullTimeLeave(email, leave_date) VALUES ('rick@gmail.com', '2022-06-03');
INSERT INTO FullTimeLeave(email, leave_date) VALUES ('rick@gmail.com', '2022-06-04');
INSERT INTO FullTimeLeave(email, leave_date) VALUES ('rick@gmail.com', '2022-06-05');
INSERT INTO FullTimeLeave(email, leave_date) VALUES ('rick@gmail.com', '2022-06-06');
INSERT INTO FullTimeLeave(email, leave_date) VALUES ('rick@gmail.com', '2022-06-07');

INSERT INTO Users(name, email, description, password) VALUES ('xiaoping', 'xiaoping@gmail.com', 'A user of PCS', 'xiaopingpw');
INSERT INTO PetOwners(email) VALUES ('xiaoping@gmail.com');
INSERT INTO Pets(email, pet_name, special_requirements, description, species) VALUES ('xiaoping@gmail.com', 'roger', 'roger needs love!', 'roger is a Snake', 'Snake');

INSERT INTO Users(name, email, description, password) VALUES ('xiaoming', 'xiaoming@gmail.com', 'A user of PCS', 'xiaomingpw');
INSERT INTO PetOwners(email) VALUES ('xiaoming@gmail.com');
INSERT INTO Pets(email, pet_name, special_requirements, description, species) VALUES ('xiaoming@gmail.com', 'bandit', 'bandit needs love!', 'bandit is a Horse', 'Horse');
INSERT INTO Pets(email, pet_name, special_requirements, description, species) VALUES ('xiaoming@gmail.com', 'abby', 'abby needs love!', 'abby is a Turtle', 'Turtle');
INSERT INTO Pets(email, pet_name, special_requirements, description, species) VALUES ('xiaoming@gmail.com', 'choco', 'choco needs love!', 'choco is a Mouse', 'Mouse');

INSERT INTO Users(name, email, description, password) VALUES ('xiaodong', 'xiaodong@gmail.com', 'A user of PCS', 'xiaodongpw');
INSERT INTO PetOwners(email) VALUES ('xiaodong@gmail.com');
INSERT INTO Pets(email, pet_name, special_requirements, description, species) VALUES ('xiaodong@gmail.com', 'hugo', 'hugo needs love!', 'hugo is a Bird', 'Bird');

INSERT INTO Users(name, email, description, password) VALUES ('xiaolong', 'xiaolong@gmail.com', 'A user of PCS', 'xiaolongpw');
INSERT INTO Caretakers(email, is_fulltime, rating) VALUES ('xiaolong@gmail.com', False, 0);
INSERT INTO TakecarePrice(daily_price, email, species) VALUES (147, 'xiaolong@gmail.com', 'Turtle');
INSERT INTO TakecarePrice(daily_price, email, species) VALUES (123, 'xiaolong@gmail.com', 'Hamster');
INSERT INTO TakecarePrice(daily_price, email, species) VALUES (93, 'xiaolong@gmail.com', 'Dog');
INSERT INTO TakecarePrice(daily_price, email, species) VALUES (198, 'xiaolong@gmail.com', 'Horse');
INSERT INTO PartTimeAvail(email, work_date) VALUES ('xiaolong@gmail.com', '2021-02-01');
INSERT INTO PartTimeAvail(email, work_date) VALUES ('xiaolong@gmail.com', '2021-02-02');
INSERT INTO PartTimeAvail(email, work_date) VALUES ('xiaolong@gmail.com', '2021-02-03');
INSERT INTO PartTimeAvail(email, work_date) VALUES ('xiaolong@gmail.com', '2021-02-04');
INSERT INTO PartTimeAvail(email, work_date) VALUES ('xiaolong@gmail.com', '2021-02-05');
INSERT INTO PartTimeAvail(email, work_date) VALUES ('xiaolong@gmail.com', '2021-06-01');
INSERT INTO PartTimeAvail(email, work_date) VALUES ('xiaolong@gmail.com', '2021-06-02');
INSERT INTO PartTimeAvail(email, work_date) VALUES ('xiaolong@gmail.com', '2021-06-03');
INSERT INTO PartTimeAvail(email, work_date) VALUES ('xiaolong@gmail.com', '2021-06-04');
INSERT INTO PartTimeAvail(email, work_date) VALUES ('xiaolong@gmail.com', '2021-06-05');
INSERT INTO PartTimeAvail(email, work_date) VALUES ('xiaolong@gmail.com', '2022-02-01');
INSERT INTO PartTimeAvail(email, work_date) VALUES ('xiaolong@gmail.com', '2022-02-02');
INSERT INTO PartTimeAvail(email, work_date) VALUES ('xiaolong@gmail.com', '2022-02-03');
INSERT INTO PartTimeAvail(email, work_date) VALUES ('xiaolong@gmail.com', '2022-02-04');
INSERT INTO PartTimeAvail(email, work_date) VALUES ('xiaolong@gmail.com', '2022-02-05');
INSERT INTO PartTimeAvail(email, work_date) VALUES ('xiaolong@gmail.com', '2022-09-01');
INSERT INTO PartTimeAvail(email, work_date) VALUES ('xiaolong@gmail.com', '2022-09-02');
INSERT INTO PartTimeAvail(email, work_date) VALUES ('xiaolong@gmail.com', '2022-09-03');
INSERT INTO PartTimeAvail(email, work_date) VALUES ('xiaolong@gmail.com', '2022-09-04');
INSERT INTO PartTimeAvail(email, work_date) VALUES ('xiaolong@gmail.com', '2022-09-05');

INSERT INTO Users(name, email, description, password) VALUES ('xiaobao', 'xiaobao@gmail.com', 'A user of PCS', 'xiaobaopw');
INSERT INTO PetOwners(email) VALUES ('xiaobao@gmail.com');
INSERT INTO Pets(email, pet_name, special_requirements, description, species) VALUES ('xiaobao@gmail.com', 'chad', 'chad needs love!', 'chad is a Cat', 'Cat');
INSERT INTO Pets(email, pet_name, special_requirements, description, species) VALUES ('xiaobao@gmail.com', 'cloud', 'cloud needs love!', 'cloud is a Dog', 'Dog');
INSERT INTO Caretakers(email, is_fulltime, rating) VALUES ('xiaobao@gmail.com', True, 0);
INSERT INTO TakecarePrice(daily_price, email, species) VALUES (90, 'xiaobao@gmail.com', 'Bird');
INSERT INTO TakecarePrice(daily_price, email, species) VALUES (80, 'xiaobao@gmail.com', 'Mouse');
INSERT INTO FullTimeLeave(email, leave_date) VALUES ('xiaobao@gmail.com', '2021-07-01');
INSERT INTO FullTimeLeave(email, leave_date) VALUES ('xiaobao@gmail.com', '2021-07-02');
INSERT INTO FullTimeLeave(email, leave_date) VALUES ('xiaobao@gmail.com', '2021-07-03');
INSERT INTO FullTimeLeave(email, leave_date) VALUES ('xiaobao@gmail.com', '2021-07-04');
INSERT INTO FullTimeLeave(email, leave_date) VALUES ('xiaobao@gmail.com', '2021-07-05');
INSERT INTO FullTimeLeave(email, leave_date) VALUES ('xiaobao@gmail.com', '2021-07-06');
INSERT INTO FullTimeLeave(email, leave_date) VALUES ('xiaobao@gmail.com', '2021-07-07');
INSERT INTO FullTimeLeave(email, leave_date) VALUES ('xiaobao@gmail.com', '2022-01-01');
INSERT INTO FullTimeLeave(email, leave_date) VALUES ('xiaobao@gmail.com', '2022-01-02');
INSERT INTO FullTimeLeave(email, leave_date) VALUES ('xiaobao@gmail.com', '2022-01-03');
INSERT INTO FullTimeLeave(email, leave_date) VALUES ('xiaobao@gmail.com', '2022-01-04');
INSERT INTO FullTimeLeave(email, leave_date) VALUES ('xiaobao@gmail.com', '2022-01-05');
INSERT INTO FullTimeLeave(email, leave_date) VALUES ('xiaobao@gmail.com', '2022-01-06');
INSERT INTO FullTimeLeave(email, leave_date) VALUES ('xiaobao@gmail.com', '2022-01-07');

INSERT INTO Users(name, email, description, password) VALUES ('xiaorong', 'xiaorong@gmail.com', 'A user of PCS', 'xiaorongpw');
INSERT INTO PetOwners(email) VALUES ('xiaorong@gmail.com');
INSERT INTO Pets(email, pet_name, special_requirements, description, species) VALUES ('xiaorong@gmail.com', 'charlie', 'charlie needs love!', 'charlie is a Bird', 'Bird');
INSERT INTO Pets(email, pet_name, special_requirements, description, species) VALUES ('xiaorong@gmail.com', 'roger', 'roger needs love!', 'roger is a Bird', 'Bird');

INSERT INTO Users(name, email, description, password) VALUES ('xiaohong', 'xiaohong@gmail.com', 'A user of PCS', 'xiaohongpw');
INSERT INTO Caretakers(email, is_fulltime, rating) VALUES ('xiaohong@gmail.com', False, 0);
INSERT INTO TakecarePrice(daily_price, email, species) VALUES (174, 'xiaohong@gmail.com', 'Horse');
INSERT INTO TakecarePrice(daily_price, email, species) VALUES (46, 'xiaohong@gmail.com', 'Turtle');
INSERT INTO PartTimeAvail(email, work_date) VALUES ('xiaohong@gmail.com', '2021-03-01');
INSERT INTO PartTimeAvail(email, work_date) VALUES ('xiaohong@gmail.com', '2021-03-02');
INSERT INTO PartTimeAvail(email, work_date) VALUES ('xiaohong@gmail.com', '2021-03-03');
INSERT INTO PartTimeAvail(email, work_date) VALUES ('xiaohong@gmail.com', '2021-03-04');
INSERT INTO PartTimeAvail(email, work_date) VALUES ('xiaohong@gmail.com', '2021-03-05');
INSERT INTO PartTimeAvail(email, work_date) VALUES ('xiaohong@gmail.com', '2021-12-01');
INSERT INTO PartTimeAvail(email, work_date) VALUES ('xiaohong@gmail.com', '2021-12-02');
INSERT INTO PartTimeAvail(email, work_date) VALUES ('xiaohong@gmail.com', '2021-12-03');
INSERT INTO PartTimeAvail(email, work_date) VALUES ('xiaohong@gmail.com', '2021-12-04');
INSERT INTO PartTimeAvail(email, work_date) VALUES ('xiaohong@gmail.com', '2021-12-05');
INSERT INTO PartTimeAvail(email, work_date) VALUES ('xiaohong@gmail.com', '2022-02-01');
INSERT INTO PartTimeAvail(email, work_date) VALUES ('xiaohong@gmail.com', '2022-02-02');
INSERT INTO PartTimeAvail(email, work_date) VALUES ('xiaohong@gmail.com', '2022-02-03');
INSERT INTO PartTimeAvail(email, work_date) VALUES ('xiaohong@gmail.com', '2022-02-04');
INSERT INTO PartTimeAvail(email, work_date) VALUES ('xiaohong@gmail.com', '2022-02-05');
INSERT INTO PartTimeAvail(email, work_date) VALUES ('xiaohong@gmail.com', '2022-03-01');
INSERT INTO PartTimeAvail(email, work_date) VALUES ('xiaohong@gmail.com', '2022-03-02');
INSERT INTO PartTimeAvail(email, work_date) VALUES ('xiaohong@gmail.com', '2022-03-03');
INSERT INTO PartTimeAvail(email, work_date) VALUES ('xiaohong@gmail.com', '2022-03-04');
INSERT INTO PartTimeAvail(email, work_date) VALUES ('xiaohong@gmail.com', '2022-03-05');

INSERT INTO Users(name, email, description, password) VALUES ('xiaozong', 'xiaozong@gmail.com', 'A user of PCS', 'xiaozongpw');
INSERT INTO Caretakers(email, is_fulltime, rating) VALUES ('xiaozong@gmail.com', False, 0);
INSERT INTO TakecarePrice(daily_price, email, species) VALUES (45, 'xiaozong@gmail.com', 'Turtle');
INSERT INTO TakecarePrice(daily_price, email, species) VALUES (80, 'xiaozong@gmail.com', 'Snake');
INSERT INTO TakecarePrice(daily_price, email, species) VALUES (105, 'xiaozong@gmail.com', 'Hamster');
INSERT INTO TakecarePrice(daily_price, email, species) VALUES (187, 'xiaozong@gmail.com', 'Lion');
INSERT INTO TakecarePrice(daily_price, email, species) VALUES (148, 'xiaozong@gmail.com', 'Monkey');
INSERT INTO PartTimeAvail(email, work_date) VALUES ('xiaozong@gmail.com', '2021-11-01');
INSERT INTO PartTimeAvail(email, work_date) VALUES ('xiaozong@gmail.com', '2021-11-02');
INSERT INTO PartTimeAvail(email, work_date) VALUES ('xiaozong@gmail.com', '2021-11-03');
INSERT INTO PartTimeAvail(email, work_date) VALUES ('xiaozong@gmail.com', '2021-11-04');
INSERT INTO PartTimeAvail(email, work_date) VALUES ('xiaozong@gmail.com', '2021-11-05');
INSERT INTO PartTimeAvail(email, work_date) VALUES ('xiaozong@gmail.com', '2021-09-01');
INSERT INTO PartTimeAvail(email, work_date) VALUES ('xiaozong@gmail.com', '2021-09-02');
INSERT INTO PartTimeAvail(email, work_date) VALUES ('xiaozong@gmail.com', '2021-09-03');
INSERT INTO PartTimeAvail(email, work_date) VALUES ('xiaozong@gmail.com', '2021-09-04');
INSERT INTO PartTimeAvail(email, work_date) VALUES ('xiaozong@gmail.com', '2021-09-05');
INSERT INTO PartTimeAvail(email, work_date) VALUES ('xiaozong@gmail.com', '2022-10-01');
INSERT INTO PartTimeAvail(email, work_date) VALUES ('xiaozong@gmail.com', '2022-10-02');
INSERT INTO PartTimeAvail(email, work_date) VALUES ('xiaozong@gmail.com', '2022-10-03');
INSERT INTO PartTimeAvail(email, work_date) VALUES ('xiaozong@gmail.com', '2022-10-04');
INSERT INTO PartTimeAvail(email, work_date) VALUES ('xiaozong@gmail.com', '2022-10-05');
INSERT INTO PartTimeAvail(email, work_date) VALUES ('xiaozong@gmail.com', '2022-09-01');
INSERT INTO PartTimeAvail(email, work_date) VALUES ('xiaozong@gmail.com', '2022-09-02');
INSERT INTO PartTimeAvail(email, work_date) VALUES ('xiaozong@gmail.com', '2022-09-03');
INSERT INTO PartTimeAvail(email, work_date) VALUES ('xiaozong@gmail.com', '2022-09-04');
INSERT INTO PartTimeAvail(email, work_date) VALUES ('xiaozong@gmail.com', '2022-09-05');

INSERT INTO BidsFor VALUES ('konstance@gmail.com', 'dawson@gmail.com', 'rufus', '2020-01-01 00:00:00', '2021-04-29', '2021-05-04', 48, 57, NULL, False, '1', '1', NULL, NULL);
INSERT INTO BidsFor VALUES ('xiaobao@gmail.com', 'carrie@gmail.com', 'cloud', '2020-01-01 00:00:01', '2021-05-26', '2021-05-30', 91, 117, NULL, False, '1', '1', NULL, NULL);
INSERT INTO BidsFor VALUES ('jenny@gmail.com', 'cassie@gmail.com', 'gus', '2020-01-01 00:00:02', '2022-02-12', '2022-02-14', 90, 99, NULL, False, '1', '1', NULL, NULL);
INSERT INTO BidsFor VALUES ('rupert@gmail.com', 'rick@gmail.com', 'chad', '2020-01-01 00:00:03', '2022-01-15', '2022-01-16', 110, 116, NULL, False, '1', '1', NULL, NULL);
INSERT INTO BidsFor VALUES ('xiaoping@gmail.com', 'connor@gmail.com', 'roger', '2020-01-01 00:00:04', '2021-08-14', '2021-08-19', 120, 127, NULL, False, '1', '1', NULL, NULL);
INSERT INTO BidsFor VALUES ('dick@gmail.com', 'bob@gmail.com', 'axa', '2020-01-01 00:00:05', '2021-04-07', '2021-04-13', 143, 149, NULL, False, '1', '1', NULL, NULL);
INSERT INTO BidsFor VALUES ('charlie@gmail.com', 'xiaohong@gmail.com', 'lucky', '2020-01-01 00:00:06', '2022-09-29', '2022-10-01', 174, 178, NULL, False, '1', '1', NULL, NULL);
INSERT INTO BidsFor VALUES ('konstance@gmail.com', 'carrie@gmail.com', 'rufus', '2020-01-01 00:00:07', '2022-05-25', '2022-05-26', 91, 114, NULL, False, '1', '1', NULL, NULL);
INSERT INTO BidsFor VALUES ('rupert@gmail.com', 'felix@gmail.com', 'chad', '2020-01-01 00:00:08', '2022-11-16', '2022-11-16', 90, 94, NULL, False, '1', '1', NULL, NULL);
INSERT INTO BidsFor VALUES ('xiaobao@gmail.com', 'rick@gmail.com', 'chad', '2020-01-01 00:00:09', '2022-03-05', '2022-03-05', 60, 71, NULL, False, '1', '1', NULL, NULL);
INSERT INTO BidsFor VALUES ('xiaobao@gmail.com', 'alex@gmail.com', 'chad', '2020-01-01 00:00:10', '2021-10-21', '2021-10-27', 48, 72, NULL, False, '1', '1', NULL, NULL);
INSERT INTO BidsFor VALUES ('felix@gmail.com', 'ian@gmail.com', 'digger', '2020-01-01 00:00:11', '2021-05-07', '2021-05-10', 48, 48, NULL, False, '1', '1', NULL, NULL);
INSERT INTO BidsFor VALUES ('jenny@gmail.com', 'ian@gmail.com', 'ginger', '2020-01-01 00:00:12', '2021-03-05', '2021-03-07', 188, 218, NULL, False, '1', '1', NULL, NULL);
INSERT INTO BidsFor VALUES ('felix@gmail.com', 'emma@gmail.com', 'digger', '2020-01-01 00:00:13', '2022-09-05', '2022-09-05', 45, 53, NULL, False, '1', '1', NULL, NULL);
INSERT INTO BidsFor VALUES ('charlie@gmail.com', 'xiaolong@gmail.com', 'daisy', '2020-01-01 00:00:14', '2021-11-04', '2021-11-08', 93, 120, NULL, False, '1', '1', NULL, NULL);
INSERT INTO BidsFor VALUES ('gordon@gmail.com', 'bob@gmail.com', 'ginger', '2020-01-01 00:00:15', '2022-11-19', '2022-11-20', 224, 246, NULL, False, '1', '1', NULL, NULL);
INSERT INTO BidsFor VALUES ('becky@gmail.com', 'carrie@gmail.com', 'bandit', '2020-01-01 00:00:16', '2022-01-01', '2022-01-01', 157, 165, NULL, False, '1', '1', NULL, NULL);
INSERT INTO BidsFor VALUES ('xiaodong@gmail.com', 'beth@gmail.com', 'hugo', '2020-01-01 00:00:17', '2022-02-07', '2022-02-09', 90, 115, NULL, False, '1', '1', NULL, NULL);
INSERT INTO BidsFor VALUES ('ian@gmail.com', 'caleb@gmail.com', 'roscoe', '2020-01-01 00:00:18', '2022-01-17', '2022-01-18', 66, 79, NULL, False, '1', '1', NULL, NULL);
INSERT INTO BidsFor VALUES ('beth@gmail.com', 'hassan@gmail.com', 'boomer', '2020-01-01 00:00:19', '2021-08-03', '2021-08-05', 126, 129, NULL, False, '1', '1', NULL, NULL);
INSERT INTO BidsFor VALUES ('felix@gmail.com', 'alex@gmail.com', 'digger', '2020-01-01 00:00:20', '2021-08-06', '2021-08-11', 48, 48, NULL, False, '1', '1', NULL, NULL);
INSERT INTO BidsFor VALUES ('ian@gmail.com', 'romeo@gmail.com', 'roscoe', '2020-01-01 00:00:21', '2021-09-09', '2021-09-09', 140, 166, NULL, False, '1', '1', NULL, NULL);
INSERT INTO BidsFor VALUES ('xiaoping@gmail.com', 'xiaozong@gmail.com', 'roger', '2020-01-01 00:00:22', '2022-12-15', '2022-12-17', 80, 107, NULL, False, '1', '1', NULL, NULL);
INSERT INTO BidsFor VALUES ('xiaobao@gmail.com', 'rick@gmail.com', 'chad', '2020-01-01 00:00:23', '2021-03-24', '2021-03-28', 60, 84, NULL, False, '1', '1', NULL, NULL);
INSERT INTO BidsFor VALUES ('rupert@gmail.com', 'connor@gmail.com', 'chad', '2020-01-01 00:00:24', '2021-07-09', '2021-07-14', 110, 114, NULL, False, '1', '1', NULL, NULL);
INSERT INTO BidsFor VALUES ('xiaobao@gmail.com', 'xiaolong@gmail.com', 'cloud', '2020-01-01 00:00:25', '2021-11-11', '2021-11-14', 93, 111, NULL, False, '1', '1', NULL, NULL);
INSERT INTO BidsFor VALUES ('xiaoping@gmail.com', 'arnold@gmail.com', 'roger', '2020-01-01 00:00:26', '2021-08-15', '2021-08-19', 173, 174, NULL, False, '1', '1', NULL, NULL);
INSERT INTO BidsFor VALUES ('konstance@gmail.com', 'arnold@gmail.com', 'roger', '2020-01-01 00:00:27', '2022-07-27', '2022-07-31', 32, 44, NULL, False, '1', '1', NULL, NULL);
INSERT INTO BidsFor VALUES ('xiaorong@gmail.com', 'arnold@gmail.com', 'roger', '2020-01-01 00:00:28', '2021-05-14', '2021-05-17', 180, 194, NULL, False, '1', '1', NULL, NULL);
INSERT INTO BidsFor VALUES ('beth@gmail.com', 'ian@gmail.com', 'jake', '2020-01-01 00:00:29', '2022-02-10', '2022-02-12', 48, 76, NULL, False, '1', '1', NULL, NULL);
INSERT INTO BidsFor VALUES ('gordon@gmail.com', 'ronald@gmail.com', 'axa', '2020-01-01 00:00:30', '2021-08-23', '2021-08-23', 80, 81, NULL, False, '1', '1', NULL, NULL);
INSERT INTO BidsFor VALUES ('ian@gmail.com', 'rick@gmail.com', 'roscoe', '2020-01-01 00:00:31', '2022-03-30', '2022-04-03', 140, 148, NULL, False, '1', '1', NULL, NULL);
INSERT INTO BidsFor VALUES ('alice@gmail.com', 'rick@gmail.com', 'bandit', '2020-01-01 00:00:32', '2022-08-17', '2022-08-20', 140, 153, NULL, False, '1', '1', NULL, NULL);
INSERT INTO BidsFor VALUES ('alice@gmail.com', 'arnold@gmail.com', 'jake', '2020-01-01 00:00:33', '2021-12-09', '2021-12-09', 32, 61, NULL, False, '1', '1', NULL, NULL);
INSERT INTO BidsFor VALUES ('becky@gmail.com', 'rupert@gmail.com', 'bandit', '2020-01-01 00:00:34', '2021-04-06', '2021-04-11', 100, 125, NULL, False, '1', '1', NULL, NULL);
INSERT INTO BidsFor VALUES ('emma@gmail.com', 'arnold@gmail.com', 'sammy', '2020-01-01 00:00:35', '2021-09-17', '2021-09-21', 223, 227, NULL, False, '1', '1', NULL, NULL);
INSERT INTO BidsFor VALUES ('beth@gmail.com', 'emma@gmail.com', 'jake', '2020-01-01 00:00:36', '2022-07-29', '2022-08-03', 45, 65, NULL, False, '1', '1', NULL, NULL);
INSERT INTO BidsFor VALUES ('dick@gmail.com', 'ian@gmail.com', 'axa', '2020-01-01 00:00:37', '2021-10-25', '2021-10-31', 148, 172, NULL, False, '1', '1', NULL, NULL);
INSERT INTO BidsFor VALUES ('ian@gmail.com', 'caleb@gmail.com', 'roscoe', '2020-01-01 00:00:38', '2022-10-24', '2022-10-25', 66, 74, NULL, False, '1', '1', NULL, NULL);
INSERT INTO BidsFor VALUES ('ian@gmail.com', 'connor@gmail.com', 'roscoe', '2020-01-01 00:00:39', '2022-06-04', '2022-06-08', 140, 146, NULL, False, '1', '1', NULL, NULL);
INSERT INTO BidsFor VALUES ('dick@gmail.com', 'alex@gmail.com', 'axa', '2020-01-01 00:00:40', '2021-05-25', '2021-05-30', 33, 42, NULL, False, '1', '1', NULL, NULL);
INSERT INTO BidsFor VALUES ('xiaodong@gmail.com', 'arnold@gmail.com', 'hugo', '2020-01-01 00:00:41', '2022-02-10', '2022-02-10', 180, 182, NULL, False, '1', '1', NULL, NULL);
INSERT INTO BidsFor VALUES ('dick@gmail.com', 'rupert@gmail.com', 'jacky', '2020-01-01 00:00:42', '2022-06-14', '2022-06-19', 60, 81, NULL, False, '1', '1', NULL, NULL);
INSERT INTO BidsFor VALUES ('rupert@gmail.com', 'ian@gmail.com', 'chad', '2020-01-01 00:00:43', '2021-08-09', '2021-08-11', 188, 195, NULL, False, '1', '1', NULL, NULL);
INSERT INTO BidsFor VALUES ('xiaodong@gmail.com', 'alex@gmail.com', 'hugo', '2020-01-01 00:00:44', '2022-10-17', '2022-10-23', 33, 38, NULL, False, '1', '1', NULL, NULL);
INSERT INTO BidsFor VALUES ('xiaoming@gmail.com', 'xiaolong@gmail.com', 'bandit', '2020-01-01 00:00:45', '2022-05-06', '2022-05-07', 198, 212, NULL, False, '1', '1', NULL, NULL);
INSERT INTO BidsFor VALUES ('romeo@gmail.com', 'dawson@gmail.com', 'felix', '2020-01-01 00:00:46', '2021-02-07', '2021-02-13', 48, 60, NULL, False, '1', '1', NULL, NULL);
INSERT INTO BidsFor VALUES ('gordon@gmail.com', 'ian@gmail.com', 'ginger', '2020-01-01 00:00:47', '2022-05-30', '2022-06-02', 40, 48, NULL, False, '1', '1', NULL, NULL);
INSERT INTO BidsFor VALUES ('xiaoping@gmail.com', 'bob@gmail.com', 'roger', '2020-01-01 00:00:48', '2022-03-04', '2022-03-07', 224, 249, NULL, False, '1', '1', NULL, NULL);
INSERT INTO BidsFor VALUES ('ian@gmail.com', 'caleb@gmail.com', 'roscoe', '2020-01-01 00:00:49', '2022-11-20', '2022-11-25', 66, 81, NULL, False, '1', '1', NULL, NULL);
INSERT INTO BidsFor VALUES ('alice@gmail.com', 'dawson@gmail.com', 'jake', '2020-01-01 00:00:50', '2021-09-19', '2021-09-24', 48, 70, NULL, False, '1', '1', NULL, NULL);
INSERT INTO BidsFor VALUES ('emma@gmail.com', 'emma@gmail.com', 'sammy', '2020-01-01 00:00:51', '2021-01-04', '2021-01-04', 164, 173, NULL, False, '1', '1', NULL, NULL);
INSERT INTO BidsFor VALUES ('felix@gmail.com', 'rick@gmail.com', 'digger', '2020-01-01 00:00:52', '2022-07-15', '2022-07-15', 60, 66, NULL, False, '1', '1', NULL, NULL);
INSERT INTO BidsFor VALUES ('alice@gmail.com', 'carrie@gmail.com', 'jake', '2020-01-01 00:00:53', '2022-09-19', '2022-09-24', 91, 119, NULL, False, '1', '1', NULL, NULL);
INSERT INTO BidsFor VALUES ('rupert@gmail.com', 'felix@gmail.com', 'chad', '2020-01-01 00:00:54', '2021-01-14', '2021-01-18', 90, 113, NULL, False, '1', '1', NULL, NULL);
INSERT INTO BidsFor VALUES ('dick@gmail.com', 'bob@gmail.com', 'axa', '2020-01-01 00:00:55', '2021-09-23', '2021-09-25', 143, 173, NULL, False, '1', '1', NULL, NULL);
INSERT INTO BidsFor VALUES ('gordon@gmail.com', 'gordon@gmail.com', 'ginger', '2020-01-01 00:00:56', '2022-09-27', '2022-10-01', 52, 52, NULL, False, '1', '1', NULL, NULL);
INSERT INTO BidsFor VALUES ('xiaodong@gmail.com', 'carrie@gmail.com', 'hugo', '2020-01-01 00:00:57', '2021-02-15', '2021-02-18', 153, 160, NULL, False, '1', '1', NULL, NULL);
INSERT INTO BidsFor VALUES ('xiaobao@gmail.com', 'rick@gmail.com', 'chad', '2020-01-01 00:00:58', '2022-12-06', '2022-12-09', 60, 88, NULL, False, '1', '1', NULL, NULL);
INSERT INTO BidsFor VALUES ('alice@gmail.com', 'arnold@gmail.com', 'jake', '2020-01-01 00:00:59', '2022-01-03', '2022-01-08', 32, 41, NULL, False, '1', '1', NULL, NULL);
INSERT INTO BidsFor VALUES ('xiaoming@gmail.com', 'xiaohong@gmail.com', 'abby', '2020-01-01 00:01:00', '2022-10-08', '2022-10-13', 46, 54, NULL, False, '1', '1', NULL, NULL);
INSERT INTO BidsFor VALUES ('xiaodong@gmail.com', 'alex@gmail.com', 'hugo', '2020-01-01 00:01:01', '2021-04-28', '2021-04-30', 33, 36, NULL, False, '1', '1', NULL, NULL);
INSERT INTO BidsFor VALUES ('romeo@gmail.com', 'dawson@gmail.com', 'felix', '2020-01-01 00:01:02', '2022-08-30', '2022-09-05', 48, 59, NULL, False, '1', '1', NULL, NULL);
INSERT INTO BidsFor VALUES ('jenny@gmail.com', 'gordon@gmail.com', 'maddie', '2020-01-01 00:01:03', '2022-01-25', '2022-01-25', 93, 105, NULL, False, '1', '1', NULL, NULL);
INSERT INTO BidsFor VALUES ('xiaobao@gmail.com', 'dawson@gmail.com', 'cloud', '2020-01-01 00:01:04', '2021-04-11', '2021-04-11', 48, 49, NULL, False, '1', '1', NULL, NULL);
INSERT INTO BidsFor VALUES ('becky@gmail.com', 'xiaohong@gmail.com', 'bandit', '2020-01-01 00:01:05', '2022-02-02', '2022-02-08', 174, 179, NULL, False, '1', '1', NULL, NULL);
INSERT INTO BidsFor VALUES ('konstance@gmail.com', 'arnold@gmail.com', 'roger', '2020-01-01 00:01:06', '2022-06-18', '2022-06-24', 32, 38, NULL, False, '1', '1', NULL, NULL);
INSERT INTO BidsFor VALUES ('gordon@gmail.com', 'arnold@gmail.com', 'ginger', '2020-01-01 00:01:07', '2022-11-13', '2022-11-14', 173, 173, NULL, False, '1', '1', NULL, NULL);
INSERT INTO BidsFor VALUES ('ian@gmail.com', 'caleb@gmail.com', 'roscoe', '2020-01-01 00:01:08', '2021-09-24', '2021-09-29', 66, 74, NULL, False, '1', '1', NULL, NULL);
INSERT INTO BidsFor VALUES ('konstance@gmail.com', 'arnold@gmail.com', 'chad', '2020-01-01 00:01:09', '2021-12-18', '2021-12-24', 32, 46, NULL, False, '1', '1', NULL, NULL);
INSERT INTO BidsFor VALUES ('gordon@gmail.com', 'ronald@gmail.com', 'axa', '2020-01-01 00:01:10', '2021-04-07', '2021-04-09', 80, 95, NULL, False, '1', '1', NULL, NULL);
INSERT INTO BidsFor VALUES ('romeo@gmail.com', 'xiaozong@gmail.com', 'jacky', '2020-01-01 00:01:11', '2021-05-05', '2021-05-09', 187, 191, NULL, False, '1', '1', NULL, NULL);
INSERT INTO BidsFor VALUES ('beth@gmail.com', 'felix@gmail.com', 'boomer', '2020-01-01 00:01:12', '2021-11-18', '2021-11-24', 68, 68, NULL, False, '1', '1', NULL, NULL);
INSERT INTO BidsFor VALUES ('xiaorong@gmail.com', 'bob@gmail.com', 'charlie', '2020-01-01 00:01:13', '2022-08-14', '2022-08-20', 143, 151, NULL, False, '1', '1', NULL, NULL);
INSERT INTO BidsFor VALUES ('charlie@gmail.com', 'cassie@gmail.com', 'lucky', '2020-01-01 00:01:14', '2022-05-07', '2022-05-11', 100, 110, NULL, False, '1', '1', NULL, NULL);
INSERT INTO BidsFor VALUES ('felix@gmail.com', 'rick@gmail.com', 'digger', '2020-01-01 00:01:15', '2021-07-29', '2021-08-03', 60, 71, NULL, False, '1', '1', NULL, NULL);
INSERT INTO BidsFor VALUES ('xiaodong@gmail.com', 'ian@gmail.com', 'hugo', '2020-01-01 00:01:16', '2021-09-11', '2021-09-15', 148, 158, NULL, False, '1', '1', NULL, NULL);
INSERT INTO BidsFor VALUES ('xiaoming@gmail.com', 'cassie@gmail.com', 'bandit', '2020-01-01 00:01:17', '2022-09-11', '2022-09-15', 100, 103, NULL, False, '1', '1', NULL, NULL);
INSERT INTO BidsFor VALUES ('emma@gmail.com', 'cassie@gmail.com', 'sammy', '2020-01-01 00:01:18', '2021-02-09', '2021-02-09', 130, 159, NULL, False, '1', '1', NULL, NULL);
INSERT INTO BidsFor VALUES ('jenny@gmail.com', 'emma@gmail.com', 'chewie', '2020-01-01 00:01:19', '2022-01-01', '2022-01-02', 76, 98, NULL, False, '1', '1', NULL, NULL);
INSERT INTO BidsFor VALUES ('charlie@gmail.com', 'cassie@gmail.com', 'abby', '2020-01-01 00:01:20', '2021-03-14', '2021-03-15', 140, 159, NULL, False, '1', '1', NULL, NULL);
INSERT INTO BidsFor VALUES ('rupert@gmail.com', 'xiaolong@gmail.com', 'chad', '2020-01-01 00:01:21', '2022-04-26', '2022-04-30', 147, 160, NULL, False, '1', '1', NULL, NULL);
INSERT INTO BidsFor VALUES ('romeo@gmail.com', 'bob@gmail.com', 'chewie', '2020-01-01 00:01:22', '2021-10-31', '2021-11-04', 224, 248, NULL, False, '1', '1', NULL, NULL);
INSERT INTO BidsFor VALUES ('xiaoming@gmail.com', 'carrie@gmail.com', 'choco', '2020-01-01 00:01:23', '2022-02-15', '2022-02-15', 103, 129, NULL, False, '1', '1', NULL, NULL);
INSERT INTO BidsFor VALUES ('jenny@gmail.com', 'hassan@gmail.com', 'maddie', '2020-01-01 00:01:24', '2021-10-06', '2021-10-10', 68, 74, NULL, False, '1', '1', NULL, NULL);
INSERT INTO BidsFor VALUES ('xiaobao@gmail.com', 'rick@gmail.com', 'chad', '2020-01-01 00:01:25', '2022-03-20', '2022-03-25', 60, 79, NULL, False, '1', '1', NULL, NULL);
INSERT INTO BidsFor VALUES ('gordon@gmail.com', 'gordon@gmail.com', 'ginger', '2020-01-01 00:01:26', '2022-02-01', '2022-02-07', 52, 71, NULL, False, '1', '1', NULL, NULL);
INSERT INTO BidsFor VALUES ('gordon@gmail.com', 'gordon@gmail.com', 'axa', '2020-01-01 00:01:27', '2022-03-08', '2022-03-10', 71, 76, NULL, False, '1', '1', NULL, NULL);
INSERT INTO BidsFor VALUES ('xiaoping@gmail.com', 'dawson@gmail.com', 'roger', '2020-01-01 00:01:28', '2022-07-03', '2022-07-08', 43, 56, NULL, False, '1', '1', NULL, NULL);
INSERT INTO BidsFor VALUES ('gordon@gmail.com', 'carrie@gmail.com', 'axa', '2020-01-01 00:01:29', '2021-05-14', '2021-05-15', 103, 113, NULL, False, '1', '1', NULL, NULL);
INSERT INTO BidsFor VALUES ('xiaoping@gmail.com', 'bob@gmail.com', 'roger', '2020-01-01 00:01:30', '2022-06-22', '2022-06-28', 224, 254, NULL, False, '1', '1', NULL, NULL);
INSERT INTO BidsFor VALUES ('jenny@gmail.com', 'bob@gmail.com', 'gus', '2020-01-01 00:01:31', '2021-04-16', '2021-04-16', 143, 171, NULL, False, '1', '1', NULL, NULL);
INSERT INTO BidsFor VALUES ('alice@gmail.com', 'gordon@gmail.com', 'bandit', '2020-01-01 00:01:32', '2021-08-16', '2021-08-17', 230, 250, NULL, False, '1', '1', NULL, NULL);
INSERT INTO BidsFor VALUES ('ian@gmail.com', 'xiaozong@gmail.com', 'roscoe', '2020-01-01 00:01:33', '2021-06-06', '2021-06-08', 187, 187, NULL, False, '1', '1', NULL, NULL);
INSERT INTO BidsFor VALUES ('rupert@gmail.com', 'connor@gmail.com', 'chad', '2020-01-01 00:01:34', '2021-08-02', '2021-08-05', 110, 133, NULL, False, '1', '1', NULL, NULL);
INSERT INTO BidsFor VALUES ('charlie@gmail.com', 'romeo@gmail.com', 'abby', '2020-01-01 00:01:35', '2022-10-31', '2022-11-02', 140, 151, NULL, False, '1', '1', NULL, NULL);
INSERT INTO BidsFor VALUES ('romeo@gmail.com', 'carrie@gmail.com', 'felix', '2020-01-01 00:01:36', '2022-01-10', '2022-01-12', 91, 98, NULL, False, '1', '1', NULL, NULL);
INSERT INTO BidsFor VALUES ('dick@gmail.com', 'bob@gmail.com', 'axa', '2020-01-01 00:01:37', '2022-03-08', '2022-03-14', 143, 146, NULL, False, '1', '1', NULL, NULL);
INSERT INTO BidsFor VALUES ('konstance@gmail.com', 'arnold@gmail.com', 'roger', '2020-01-01 00:01:38', '2021-10-05', '2021-10-10', 32, 47, NULL, False, '1', '1', NULL, NULL);
INSERT INTO BidsFor VALUES ('gordon@gmail.com', 'arnold@gmail.com', 'ginger', '2020-01-01 00:01:39', '2021-03-10', '2021-03-15', 173, 179, NULL, False, '1', '1', NULL, NULL);

